Workbook

Sheet MT
A1: ID Regolam. Esercizio | B1: Impianto primario alimentante (in assetto standard) | G1: Caratteristiche Tecniche Punto di Interconnessione MT | AB1: Esercente responsabile delle informazioni sulle Interruzioni (2) | AC1: Caratteristiche del Punto di Misura | AH1: Note generali | AI1: Telecontrollo (SI, Telecontrollabile, NO) | AJ1: Estensione NODO E-D | AK1: Estensione NODO Duereti | AL1: Note
G2: NODO di competenza e-distribuzione | K2: Ubicazione del punto di confine | S2: Nodo di competenza Duereti | X2: da e-distribuzione a Duereti | Z2: da Duereti a e-distribuzione
B3: Proprietà Cabina Primaria | C3: Cabina Primaria | D3: N° linea | E3: Nome Linea | F3: Stato del neutro | G3: Codice nodo | H3: Denominazione del nodo | I3: Indirizzo | J3: Comune | K3: Ubicazione | L3: Coordinate punto di confine (ove rilevante) | M3: Indirizzo | N3: Comune | O3: Competenza ramo MT di confine | P3: Assetto standard | Q3: Mappa | R3: Schematizzazione | S3: Codice nodo | T3: Denominazione del nodo | U3: Indirizzo | V3: Comune | W3: Stato interconnessione | X3: tipo di alimentazione | Y3: potenza disponibile kW | Z3: tipo di alimentazione | AA3: potenza disponibile kW | AB3: e-distribuzione / Duereti | AC3: POD Duereti | AD3: POD ED | AE3: Ubicazione | AF3: Proprietà misuratore | AG3: Proprietà Riduttori
A4: 1 | B4: Duereti | C4: ARESE | D4: DU1039379 | E4: =VLOOKUP(D4,Foglio1!A1:B4126,2,FALSE) -> BARIANA | G4: DU30-2-556057 | H4: MEC.DEL.NORD | I4: VIA PONCHIELLI, 227 | J4: Caronno Pertusella | K4: DU30-2-556057 | L4: 45.581924 - 9.057621 | M4: VIA PONCHIELLI, 227 | N4: Caronno Pertusella | O4: Duereti terminali compresi | P4: APERTO | S4: DU10-2-481887 | T4: CADORE | U4: V.ORTOLANI DF 32 | V4: Garbagnate Milanese | W4: Definitivo | X4: S | Y4: 1600 | Z4: S | AA4: 2200 | AD4: IT001E120945327 | AE4: DU30-2-556057 | AF4: E-D | AG4: E-D | AI4: Telecontrollabile
A5: 2 | B5: Duereti | C5: ARESE | D5: DU1039379 | E5: =VLOOKUP(D5,Foglio1!A2:B4127,2,FALSE) -> BARIANA | G5: DU30-2-227568 | H5: MAYER | I5: Via V Giornate, 2045 | J5: Caronno Pertusella | K5: DU30-2-227568 | L5: 45.581933 - 9.060178 | M5: Via V Giornate, 2045 | N5: Caronno Pertusella | O5: Duereti terminali compresi | P5: APERTO | S5: DU10-3-268403 | T5: PALO DI DERIV | U5: 45,580271 - 9,061776 | V5: Garbagnate Milanese | W5: Definitivo | X5: S | Y5: 1300 | Z5: S | AA5: 1300 | AD5: IT001E124230934 | AE5: DU30-2-227568 | AF5: E-D | AG5: E-D | AI5: SI
A6: 3 | B6: Duereti | C6: ARESE | D6: DU1012584 | E6: =VLOOKUP(D6,Foglio1!A3:B4128,2,FALSE) -> BAR.EST | G6: DU30-2-556057 | H6: MEC.DEL.NORD | I6: VIA PONCHIELLI, 227 | J6: Caronno Pertusella | K6: DU30-2-556057 | L6: 45.581924 - 9.057621 | M6: VIA PONCHIELLI, 227 | N6: Caronno Pertusella | O6: Duereti terminali compresi | P6: CHIUSO | S6: DU00-1-383645 | T6: CP ARESE | U6: VIA CESARE BATTISTI 95 | V6: Arese | W6: Definitivo | Z6: P | AA6: 2500 | AD6: IT001E120945602 | AE6: DU30-2-556057 | AF6: E-D | AG6: E-D | AI6: Telecontrollabile
A7: 4 | B7: e-distribuzione | C7: OSPIATE_1523 | D7: DU1043110 | E7: MAZZINO | G7: DU00-1-380915 | H7: CP OSPIATE | I7: VIA MARCONI-FR. OSPIATE | J7: Bollate-Cascina Nuova | K7: DU10-2-254712 | L7: 45.536019 - 9.075801 | M7: V.OSPIATE, 51 MAZZO DI RHO | N7: Rho | O7: E-DISTRIBUZIONE terminali compresi | P7: CHIUSO | S7: DU10-2-254712 | T7: DRIVER HARRIS | U7: V.OSPIATE, 51 FRAZ. MAZZO DI RHO | V7: Rho | W7: Definitivo | X7: P | Y7: 1000 | AD7: IT001E121237393 | AE7: DU10-2-254712 | AF7: Duereti | AG7: Duereti | AI7: Telecontrollabile
A8: 5 | B8: Duereti | C8: VERNATE | D8: DU1017264 | E8: =VLOOKUP(D8,Foglio1!A5:B4130,2,FALSE) -> MORIVIONE | G8: DU10-2-121316 | H8: CAIELLA | I8: STR.CASORATE-MOTTA | J8: Casorate Primo | K8: DU10-2-203935 | L8: 45.290599 - 9.008474 | M8: C.SPAGNOLA | N8: Motta Visconti | O8: E-DISTRIBUZIONE fino agli amarri (calate escluse) | P8: CHIUSO | S8: DU10-2-203935 | T8: C.SPAGNOLA | U8: C.SPAGNOLA | V8: Motta Visconti | W8: Definitivo | Z8: P | AA8: 100 | AD8: IT001E121114178 | AE8: DU10-2-203935 | AF8: Duereti | AG8: Duereti | AI8: SI
A9: 6 | B9: Duereti | C9: VERNATE | D9: DU1017264 | E9: =VLOOKUP(D9,Foglio1!A6:B4131,2,FALSE) -> MORIVIONE | G9: DU10-3-264468 | H9: SEZ A PALO | I9: 45,296198 - 9,02995 | J9: Trovo | K9: DU10-2-426331 | L9: 45.297164 - 9.029487 | M9: C.MORIVIONE | N9: Vernate | O9: E-DISTRIBUZIONE terminali compresi | P9: APERTO | S9: DU10-2-426331 | T9: MORIVIONE | U9: C.MORIVIONE | V9: Vernate | W9: Definitivo | X9: S | Y9: 1800 | Z9: S | AA9: 1600 | AD9: IT001E124332184 | AE9: DU10-2-426331 | AF9: Duereti | AG9: Duereti | AI9: SI
A10: 7 | B10: Duereti | C10: VERNATE | D10: DU1048300 | E10: =VLOOKUP(D10,Foglio1!A7:B4132,2,FALSE) -> NOVIGLIO | G10: DU10-2-744382 | H10: COLORTEX | I10: VIA ORLANDI | J10: Casorate Primo | K10: DU10-2-629371 | L10: 45.325318 - 9.012906 | M10: VIA MARIO GIULIANI 9 | N10: Bubbiano | O10: E-DISTRIBUZIONE terminali compresi | P10: CHIUSO | S10: DU10-2-629371 | T10: LOT.ESTOV | U10: VIA MARIO GIULIANI 9 | V10: Bubbiano | W10: Definitivo | Z10: P | AA10: 1000 | AD10: IT001E121114348 | AE10: DU10-2-629371 | AF10: Duereti | AG10: Duereti | AI10: SI
A11: 8 | B11: Duereti | C11: ARESE | D11: DU1042581 | E11: =VLOOKUP(D11,Foglio1!A8:B4133,2,FALSE) -> VILLORESI | G11: DU10-2-508435 | H11: DRAGA LATERI | I11: V.MADONNA FAMETTA, 26 | J11: Bollate-Ospiate | K11: DU10-2-508435 | L11: 45.56473 - 9.096001 | M11: V.MADONNA FAMETTA, 26 | N11: Bollate-Ospiate | O11: Duereti terminali compresi | P11: APERTO | S11: DU10-3-256982 | T11: SEZ. A PALO | U11: Ciclopedonale Expo 2015 snc | V11: Garbagnate Milanese | W11: Definitivo | X11: S | Y11: 1300 | Z11: S | AA11: 1300 | AD11: IT001E121114569 | AE11: DU10-2-508435 | AF11: E-D | AG11: E-D | AI11: SI
A12: 9 | B12: Duereti | C12: ARESE | D12: DU1049678 | E12: =VLOOKUP(D12,Foglio1!A9:B4134,2,FALSE) -> DEPURATORE | G12: DU30-2-227568 | H12: MAYER | I12: Via V Giornate, 2045 | J12: Caronno Pertusella | K12: DU10-2-384947 | L12: 45.579336 - 9.059088 | M12: Via Trattati di Roma | N12: Garbagnate Milanese | O12: E-DISTRIBUZIONE terminali compresi | P12: CHIUSO | S12: DU10-2-384947 | T12: C-PETROL | U12: Via Trattati di Roma | V12: Garbagnate Milanese | W12: Definitivo | Z12: P | AA12: 3200 | AD12: IT001E120934732 | AE12: DU10-2-384947 | AF12: Duereti | AG12: Duereti | AI12: SI
A13: 10 | B13: e-distribuzione | C13: BUSTO SUD | D13: DU1015810 | E13: MADDALENA EDM | G13: DU30-2-593041 | H13: ACCAM | I13: VIA ARCONATE | J13: Busto A.Sud | K13: DU30-2-593041 | L13: 45.573027 - 8.838395 | M13: VIA ARCONATE | N13: Busto A.Sud | O13: Duereti terminali compresi | P13: CHIUSO | S13: DU10-2-403127 | T13: BARGA | U13: VIA BRUGHIERE | V13: Magnago | W13: Definitivo | Z13: P | AA13: 3000 | AD13: IT001E120977709 | AE13: DU30-2-593041 | AF13: E-D | AG13: E-D | AI13: Telecontrollabile
A14: 11 | B14: e-distribuzione | C14: BUSTO SUD | D14: DU1015810 | E14: MADDALENA EDM | G14: DU30-2-593041 | H14: ACCAM | I14: VIA ARCONATE | J14: Busto A.Sud | K14: DU30-2-593041 | L14: 45.573027 - 8.838395 | M14: VIA ARCONATE | N14: Busto A.Sud | O14: Duereti terminali compresi | P14: CHIUSO | S14: DU10-3-242615 | T14: SEZ.A PALO | U14: 45,568997-8,836534 | V14: Legnano | W14: Definitivo | X14: P | Y14: 1200 | AD14: IT001E120977776 | AE14: DU30-2-593041 | AF14: E-D | AG14: E-D | AI14: Telecontrollabile
A15: 12 | B15: e-distribuzione | C15: BUSTO SUD | D15: DU1015810 | E15: MADDALENA EDM | G15: DU30-2-411056 | H15: IMP.DEPURAZ. | I15: VIA TRAVERSAGNA (INGR. VIA ARCONATE) | J15: Busto A.Sud | K15: DU30-2-411056 | L15: 45.56988 - 8.838932 | M15: VIA TRAVERSAGNA (INGR. VIA ARCONATE) | N15: Busto A.Sud | O15: Duereti terminali compresi | P15: CHIUSO | S15: DU10-3-202729 | T15: SEZ.A PALO | U15: 45,567197-8,836395 | V15: Legnano | W15: Definitivo | X15: P | Y15: 1000 | AD15: IT001E120945912 | AE15: DU30-2-411056 | AF15: E-D | AG15: E-D | AI15: Telecontrollabile
A16: 13 | B16: Duereti | C16: ARESE | D16: DU1040398 | E16: =VLOOKUP(D16,Foglio1!A13:B4138,2,FALSE) -> BAR.OVEST | G16: DU30-2-352871 | H16: CAFFIN. LALAC | I16: Via Rossini, 340 | J16: Caronno Pertusella | K16: DU10-2-335666 | L16: 45.580062 - 9.044969 | M16: V.VERGA, 32A | N16: Lainate | O16: E-DISTRIBUZIONE terminali compresi | P16: APERTO | S16: DU10-2-335666 | T16: OCCHIPINTI | U16: V.VERGA, 32A | V16: Lainate | W16: Definitivo | X16: S | Y16: 1500 | Z16: S | AA16: 2000 | AD16: IT001E121114780 | AE16: DU10-2-335666 | AF16: Duereti | AG16: Duereti | AI16: Telecontrollabile
A17: 14 | B17: e-distribuzione | C17: BUSTO SUD | D17: DU1015810 | E17: MADDALENA EDM | G17: DU00-1-385755 | H17: CP BUSTO SUD | I17: V.LE DELLE INDUSTRIE | J17: Busto Arsizio | K17: DU10-2-454479 | L17: 45.578489 - 8.833368 | M17: V.BRUGHIERE | N17: Magnago | O17: E-DISTRIBUZIONE terminali compresi | P17: CHIUSO | S17: DU10-2-454479 | T17: BIMA | U17: V.BRUGHIERE | V17: Magnago | W17: Definitivo | X17: P | Y17: 3500 | AD17: IT001E121237407 | AE17: DU10-2-454479 | AF17: Duereti | AG17: Duereti | AI17: Telecontrollabile
A18: 15 | B18: e-distribuzione | C18: BUSTO SUD | D18: DU1018080 | E18: BIENAT EDM | G18: DU00-1-385755 | H18: CP BUSTO SUD | I18: V.LE DELLE INDUSTRIE | J18: Busto Arsizio | K18: DU10-2-168174 | L18: 45.579612 - 8.832836 | M18: V.SARDEGNA | N18: Magnago | O18: E-DISTRIBUZIONE terminali compresi | P18: CHIUSO | S18: DU10-2-168174 | T18: CHIERICHETTI | U18: V.SARDEGNA | V18: Magnago | W18: Definitivo | X18: P | Y18: 3000 | AD18: IT001E124330572 | AE18: DU10-2-168174 | AF18: Duereti | AG18: Duereti | AI18: Telecontrollabile
A19: 16 | B19: e-distribuzione | C19: BUSTO SUD | D19: DU1024562 | E19: VANZAG EDM | G19: DU00-1-385755 | H19: CP BUSTO SUD | I19: V.LE DELLE INDUSTRIE | J19: Busto Arsizio | K19: DU10-2-516239 | L19: 45.581499 - 8.814337 | M19: Via Pascoli 5 | N19: Magnago | O19: E-DISTRIBUZIONE fino ai terminali compresi | P19: CHIUSO | S19: DU10-2-516239 | T19: PASCOLI | U19: Via Pascoli 5 | V19: Magnago | W19: Definitivo | X19: P | Y19: 2500 | AD19: IT001E121237415 | AE19: DU10-2-516239 | AF19: Duereti | AG19: Duereti | AI19: SI
A20: 17 | B20: e-distribuzione | C20: BUSTO SUD | D20: DU1024562 | E20: VANZAG EDM | G20: DU30-2-386084 | H20: F.N.M | I20: SCAMBIO CONF. MAGNAGO | J20: Busto Arsizio | K20: DU30-2-386084 | L20: 45.598702 - 8.811966 | M20: SCAMBIO CONF. MAGNAGO | N20: Busto Arsizio | O20: Duereti terminali compresi | P20: CHIUSO | S20: DU10-2-505881 | T20: BORLANDELLI | U20: Via Per Lonate | V20: Magnago | W20: Definitivo | Z20: P | AA20: 160 | AD20: IT001E124230438 | AE20: DU30-2-386084 | AF20: E-D | AG20: E-D | AI20: SI
A21: 18 | B21: e-distribuzione | C21: BUSTO SUD | D21: DU1024562 | E21: VANZAG EDM | G21: DU30-2-386084 | H21: F.N.M | I21: SCAMBIO CONF. MAGNAGO | J21: Busto Arsizio | K21: DU30-2-386084 | L21: 45.598702 - 8.811966 | M21: SCAMBIO CONF. MAGNAGO | N21: Busto Arsizio | O21: Duereti terminali compresi | P21: CHIUSO | S21: DU10-2-463844 | T21: ACQUATERM 2 | U21: Via Calvi | V21: Magnago | W21: Definitivo | AD21: IT001E124230543 | AE21: DU30-2-386084 | AF21: E-D | AG21: E-D | AI21: SI
A22: 19 | B22: Duereti | C22: BUSTOGAROLFO | D22: DU1048138 | E22: =VLOOKUP(D22,Foglio1!A19:B4144,2,FALSE) -> LUINI | G22: DU30-2-520847 | H22: SERVICE | I22: VIA NOVARA | J22: Busto A.Sud | K22: DU30-2-520847 | L22: 45.581547 - 8.873054 | M22: Via Novara | N22: Busto A.Sud | O22: Duereti terminali compresi | P22: CHIUSO | S22: DU10-3-206670 | T22: SEZ.A PALO | U22: 45,581735 ; 8,874189 | V22: Legnano | W22: Definitivo | Z22: P | AA22: 250 | AD22: IT001E120946463 | AE22: Rete BT CS 520847 | AF22: E-D | AG22: E-D | AI22: NO
A23: 20 | B23: Duereti | C23: BUSTOGAROLFO | D23: DU1048138 | E23: =VLOOKUP(D23,Foglio1!A20:B4145,2,FALSE) -> LUINI | G23: DU30-2-520847 | H23: SERVICE | I23: VIA NOVARA | J23: Busto A.Sud | K23: DU30-2-520847 | L23: 45.581547 - 8.873054 | M23: Via Novara | N23: Busto A.Sud | O23: Duereti terminali compresi | P23: CHIUSO | S23: DU10-2-409470 | T23: AMGA | U23: V.NOVARA, 250 | V23: Legnano | W23: Definitivo | AD23: IT001E120946463 | AE23: Rete BT CS 520847 | AF23: E-D | AG23: E-D | AI23: NO
A24: 21 | B24: e-distribuzione | C24: BUSTO SUD | D24: DU1045607 | E24: SICILI EDM | G24: DU00-1-385755 | H24: CP BUSTO SUD | I24: V.LE DELLE INDUSTRIE | J24: Busto Arsizio | K24: DU10-2-383537 | L24: 45.578718 - 8.834547 | M24: VIA BRUGHIERE 4 | N24: Magnago | O24: E-DISTRIBUZIONE terminali compresi | P24: CHIUSO | S24: DU10-2-383537 | T24: CARNE | U24: VIA BRUGHIERE 4 | V24: Magnago | W24: Definitivo | X24: P | Y24: 4500 | AD24: IT001E120905635 | AE24: DU10-2-383537 | AF24: Duereti | AG24: Duereti | AI24: Telecontrollabile
A25: 22 | B25: e-distribuzione | C25: BUSTO SUD | D25: DU1013711 | E25: TOSCANA | G25: DU30-4-228031 | H25: NODO RIGIDO | I25: VIA TRAVERSAGNA (LAT. VIA DAIRAGO) | J25: Busto A.Sud | K25: DU10-3-180129 | L25: 45.570977 - 8.857478 | M25: V.CAVOUR | N25: Dairago | O25: E-DISTRIBUZIONE fino ai codoli del sezionatore escluso | P25: APERTO | S25: DU10-3-180129 | T25: SEZ.A PALO | U25: 45,570977 - 8,857478 | V25: Dairago | W25: Definitivo | X25: S | Y25: 2300 | Z25: S | AA25: 2200 | AD25: IT001E121237431 | AE25: DU10-2-447444 | AF25: Duereti | AG25: Duereti | AI25: Telecontrollabile | AJ25: DU30.3.268165 - DU30.3.104698 | AL25: Estensione nodo Ed DU30.3.268165 è il codice del sezionatore del PTP
A26: 23 | B26: e-distribuzione | C26: CARONNO | D26: DU1034776 | E26: PRISCO | G26: DU00-1-384655 | H26: CP CARONNO | I26: VIA PER ASIAGO | J26: Caronno Pertusella | K26: DU10-2-269387 | L26: 45.582360 - 9.019497 | M26: CORSO EUROPA | N26: Lainate | O26: E-DISTRIBUZIONE terminali compresi | P26: CHIUSO | S26: DU10-2-269387 | T26: PRISCO | U26: CORSO EUROPA | V26: Lainate | W26: Definitivo | X26: P | Y26: 5300 | AD26: IT001E120934252 | AE26: DU10-2-269387 | AF26: Duereti | AG26: Duereti | AI26: SI
A27: 24 | B27: e-distribuzione | C27: UBOLDO | D27: DU1017984 | E27: CAPPELLETTA | G27: DU30-2-108846 | H27: MULLER | I27: Via Italia (confine Lainate) | J27: Origgio | K27: DU10-2-581121 | L27: 45.581481 - 9.014660 | M27: V. BERNINI, 2 | N27: Lainate | O27: E-DISTRIBUZIONE terminali compresi | P27: APERTO | S27: DU10-2-581121 | T27: VIA BERNINI | U27: V. BERNINI, 2 | V27: Lainate | W27: Definitivo | X27: S | Y27: 1500 | Z27: S | AA27: 1000 | AD27: IT001E124331714 | AE27: DU10-2-581121 | AF27: Duereti | AG27: Duereti | AI27: SI
A28: 25 | B28: e-distribuzione | C28: CARONNO | D28: DU1049431 | E28: CATTANEO | G28: DU30-2-230259 | H28: COBRA | I28: VIA SARONNINO | J28: Origgio | K28: DU10-2-426770 | L28: 45.581681 - 9.025061 | M28: V.UMBERTO I, 119 | N28: Lainate | O28: E-DISTRIBUZIONE terminali compresi | P28: CHIUSO | S28: DU10-2-426770 | T28: ORIGGIO | U28: V.UMBERTO I, 119 | V28: Lainate | W28: Definitivo | X28: P | Y28: 3000 | AD28: IT001E120934198 | AE28: DU10-2-426770 | AF28: Duereti | AG28: Duereti | AI28: Telecontrollabile
A29: 26 | B29: Duereti | C29: CERRO MAG. | D29: DU1029865 | E29: =VLOOKUP(D29,Foglio1!A26:B4151,2,FALSE) -> CASCINE | G29: DU30-4-248481 | H29: NODO RIGIDO | I29: 45,600264 - 8,97287 | J29: Uboldo | K29: DU10-3-228789 | L29: 45.600248 - 8.972865 | M29: VIA CERRO | N29: Uboldo | O29: 1) Duereti: ramo MT tra il sezionatore 228789 compreso e il 518212 2) E-distribuzione: ramo MT (Calate) tra il sezionatore 228789 escluso verso Nodo Rigido 248481. I due nodi citati sono su stesso palo. | P29: APERTO | S29: DU10-2-518212 | T29: INDUSTR.1 | U29: VIA 11 SETTEMBRE | V29: Cerro Maggiore | W29: Definitivo | X29: S | Y29: 2600 | Z29: S | AA29: 1500 | AD29: IT001E120931881 | AE29: DU10-2-518212 | AF29: Duereti | AG29: Duereti | AI29: Telecontrollabile | AJ29: DU30.2.583702 - DU30.2.516471
A30: 27 | B30: e-distribuzione | C30: CAPONAGO | D30: DU1039824 | E30: 7BUSSERO | G30: DU10-2-565145 | H30: CR-C.NA VALERA | I30: Via della Valera | J30: Carugate | K30: DU10-2-565145 | L30: 45.548803 - 9.357145 | M30: Via della Valera | N30: Carugate | O30: Duereti terminali compresi | P30: CHIUSO | S30: DU10-3-241640 | T30: SEZ.A PALO | U30: Via Valera | V30: Carugate | W30: Definitivo | Z30: P | AA30: 3000 | AD30: IT001E121069954 | AE30: DU10-2-565145 | AF30: E-D | AG30: E-D | AI30: Telecontrollabile
A31: 28 | B31: Duereti | C31: LEGNANO | D31: DU1011995 | E31: =VLOOKUP(D31,Foglio1!A28:B4153,2,FALSE) -> S.ERASMO | G31: DU30-2-310153 | H31: STANDA | I31: Via Diaz, 7 | J31: Castellanza | K31: DU10-2-583520 | L31: 45.605862 - 8.902298 | M31: V.PER BUSTO ARSIZIO, 15 | N31: Legnano | O31: E-DISTRIBUZIONE terminali compresi | P31: APERTO | S31: DU10-2-583520 | T31: CANALE 3 | U31: V.PER BUSTO ARSIZIO, 15 | V31: Legnano | W31: Definitivo | X31: S | Y31: 3000 | Z31: S | AA31: 1800 | AD31: IT001E120930991 | AE31: DU10-2-583520 | AF31: Duereti | AG31: Duereti | AI31: SI
A32: 29 | B32: Duereti | C32: LEGNANO | D32: DU1011995 | E32: =VLOOKUP(D32,Foglio1!A29:B4154,2,FALSE) -> S.ERASMO | G32: DU30-2-178901 | H32: CS VIA BINDA | I32: Via Binda, 21 | J32: Castellanza | K32: DU10-2-110178 | L32: 45.606847 - 8.905683 | M32: Via per Castellanza | N32: Legnano | O32: E-DISTRIBUZIONE terminali compresi | P32: APERTO | S32: DU10-2-110178 | T32: LEONIDA'S | U32: Via per Castellanza | V32: Legnano | W32: Definitivo | X32: S | Y32: 2600 | Z32: S | AA32: 1400 | AD32: IT001E120931741 | AE32: DU10-2-110178 | AF32: Duereti | AG32: Duereti | AI32: Telecontrollabile
A33: 30 | B33: e-distribuzione | C33: CAPONAGO | D33: DU1039824 | E33: 7BUSSERO | G33: DU10-3-260825 | H33: SEZ.A PALO | I33: 45,559848 - 9,379916 | J33: Caponago | K33: DU10-3-209776 | L33: 45.555503 - 9.378392 | N33: Pessano Con Bornago | O33: E-DISTRIBUZIONE fino ai codoli del sezionatore escluso | P33: CHIUSO | S33: DU10-3-209776 | T33: SEZ. A PALO | U33: 45,555503 - 9,378392 | V33: Pessano Con Bornago | W33: Definitivo | X33: P | Y33: 4400 | AD33: IT001E120978187 | AE33: DU10-2-592653 | AF33: E-D | AG33: E-D | AI33: Telecontrollabile
A34: 31 | B34: Duereti | C34: LEGNANO | D34: DU1020191 | E34: =VLOOKUP(D34,Foglio1!A31:B4156,2,FALSE) -> S.AMBROGIO | G34: DU30-2-605630 | H34: PAL.COMUNALE | I34: VIA VITTORIO VENETO | J34: Castellanza | K34: DU10-2-222396 | L34: 45.606882 - 8.904779 | M34: V.XXIX MAGGIO, 229 | N34: Legnano | O34: E-DISTRIBUZIONE terminali compresi | P34: APERTO | S34: DU10-2-222396 | T34: POGGIO | U34: V.XXIV MAGGIO, 229 | V34: Legnano | W34: Definitivo | X34: S | Y34: 2600 | Z34: S | AA34: 1500 | AD34: IT001E121237440 | AE34: DU10-2-222396 | AF34: Duereti | AG34: Duereti | AI34: SI
A35: 32 | B35: Duereti | C35: LEGNANO | D35: DU1029721 | E35: =VLOOKUP(D35,Foglio1!A32:B4157,2,FALSE) -> MAZZAFAME | G35: DU30-2-125069 | H35: SILPLA | I35: V.LE BORRI, 6 | J35: Castellanza | K35: DU10-2-353562 | L35: 45.601036 - 8.887666 | M35: V.EDISON, 7 | N35: Legnano | O35: E-DISTRIBUZIONE terminali compresi | P35: APERTO | S35: DU10-2-353562 | T35: BETA | U35: V.EDISON, 7 | V35: Legnano | W35: Definitivo | X35: S | Y35: 2000 | Z35: S | AA35: 2500 | AD35: IT001E120930621 | AE35: DU10-2-353562 | AF35: Duereti | AG35: Duereti | AI35: SI
A36: 33 | B36: Duereti | C36: LEGNANO | D36: DU1044964 | E36: =VLOOKUP(D36,Foglio1!A33:B4158,2,FALSE) -> FIRENZE | G36: DU30-2-242411 | H36: IMM.SATURNIA | I36: VIA ROSSELLI, 17 | J36: Castellanza | K36: DU10-2-289555 | L36: 45.601661 - 8.894979 | M36: V.ROBINO, 115 | N36: Legnano | O36: E-DISTRIBUZIONE terminali compresi | P36: APERTO | S36: DU10-2-289555 | T36: ALVIT | U36: V.ROBINO, 115 | V36: Legnano | W36: Definitivo | X36: S | Y36: 2000 | Z36: S | AA36: 2000 | AD36: IT001E121237458 | AE36: DU10-2-289555 | AF36: Duereti | AG36: Duereti | AI36: SI
A37: 34 | B37: Duereti | C37: LEGNANO | D37: DU1044964 | E37: =VLOOKUP(D37,Foglio1!A34:B4159,2,FALSE) -> FIRENZE | G37: DU30-2-361861 | H37: TIBA | I37: VIA JUCKER, 9/11 | J37: Castellanza | K37: DU10-2-289555 | L37: 45.601661 - 8.894979 | M37: V.ROBINO, 115 | N37: Legnano | O37: E-DISTRIBUZIONE terminali compresi | P37: APERTO | S37: DU10-2-289555 | T37: ALVIT | U37: V.ROBINO, 115 | V37: Legnano | W37: Definitivo | AD37: IT001E121237466 | AE37: DU10-2-289555 | AF37: Duereti | AG37: Duereti | AI37: SI
A38: 35 | B38: Duereti | C38: CASTANO P. | D38: DU1021541 | E38: =VLOOKUP(D38,Foglio1!A35:B4160,2,FALSE) -> MALPAGA | G38: DU30-2-524956 | H38: TINELLA | I38: VIA TURBIGACCIO, SN | J38: Lonate Pozzolo | K38: DU30-2-524956 | L38: 45.565056 - 8.71596 | M38: VIA TURBIGACCIO, SN | N38: Lonate Pozzolo | O38: Duereti terminali compresi | P38: CHIUSO | S38: DU10-4-141308 | T38: NODO RIGIDO | U38: 45,552468- 8,7193 | V38: Nosate | W38: Definitivo | Z38: P | AA38: 800 | AD38: IT001E120946587 | AE38: DU30-2-524956 | AF38: E-D | AG38: E-D | AI38: SI | AK38: DU10.2.436909 - DU10.2.488047
A39: 36 | B39: Duereti | C39: CASTANO P. | D39: DU1021541 | E39: =VLOOKUP(D39,Foglio1!A36:B4161,2,FALSE) -> MALPAGA | G39: DU30-2-335962 | H39: ALZAIA NG | I39: VIA ALZAIA NAVIGLIO GRANDE | J39: Lonate Pozzolo | K39: DU30-2-335962 | L39: 45.564468 - 8.71677 | M39: VIA ALZAIA NAVIGLIO GRANDE | N39: Lonate Pozzolo | O39: Duereti terminali compresi | P39: CHIUSO | S39: DU10-4-314857 | T39: NODO RIGIDO | U39: 45,566813-8,718988 | V39: Nosate | W39: Definitivo | AD39: IT001E120946811 | AE39: DU30-2-335962 | AF39: E-D | AG39: E-D | AI39: Telecontrollabile | AK39: DU10.3.124508 - DU10.2.384576
A40: 37 | B40: Duereti | C40: CASTANO P. | D40: DU1021541 | E40: =VLOOKUP(D40,Foglio1!A37:B4162,2,FALSE) -> MALPAGA | G40: DU30-2-494471 | H40: S.SIRO | I40: VIA S.S. SIRO | J40: Lonate Pozzolo | K40: DU30-2-494471 | L40: 45.573018 - 8.718887 | M40: VIA S.S. SIRO | N40: Lonate Pozzolo | O40: Duereti terminali compresi | P40: APERTO | S40: DU10-3-124508 | T40: SEZ.A PALO | U40: 45,570679 - 8,719189 | V40: Nosate | W40: Definitivo | X40: S | Y40: 1300 | Z40: S | AA40: 1850 | AD40: IT001E120948156 | AE40: DU30-2-494471 | AF40: E-D | AG40: E-D | AI40: Telecontrollabile | AK40: DU10.3.124508 - DU10.2.384576
A41: 38 | B41: Duereti | C41: LEGNANO | D41: DU1048530 | E41: =VLOOKUP(D41,Foglio1!A38:B4163,2,FALSE) -> FLORA | G41: DU30-2-301528 | H41: SAMETTI | I41: VIA MARONCELLI, 6 | J41: Castellanza | K41: DU10-2-412589 | L41: 45.602988 - 8.895124 | M41: V.AGOSTI, SN | N41: Legnano | O41: E-DISTRIBUZIONE terminali compresi | P41: APERTO | S41: DU10-2-412589 | T41: GORLA | U41: V.AGOSTI, SN | V41: Legnano | W41: Definitivo | X41: S | Y41: 1000 | Z41: S | AA41: 1000 | AD41: IT001E120929844 | AE41: DU10-2-412589 | AF41: Duereti | AG41: Duereti | AI41: SI
A42: 39 | B42: e-distribuzione | C42: LONATE P. | D42: DU1011057 | E42: SAMARA2002 | G42: DU00-1-380674 | H42: CP LONATE P. | I42: STRADA VICINALE DI ROV 4 | J42: Lonate Pozzolo | K42: DU10-2-604235 | L42: 45.598187 - 8.788498 | M42: V.SAMARATE | N42: Vanzaghello | O42: E-DISTRIBUZIONE terminali compresi | P42: CHIUSO | S42: DU10-2-604235 | T42: SAMARATE | U42: V.SAMARATE | V42: Vanzaghello | W42: Definitivo | X42: P | Y42: 4000 | AD42: IT001E120934023 | AE42: DU10-2-604235 | AF42: Duereti | AG42: Duereti | AI42: Telecontrollabile
A43: 40 | B43: e-distribuzione | C43: LONATE P. | D43: DU1046566 | E43: SEGNAN2001 | G43: DU00-1-380674 | H43: CP LONATE P. | I43: STRADA VICINALE DI ROV 4 | J43: Lonate Pozzolo | K43: DU10-2-267881 | L43: 45.596091 - 8.78601 | M43: CORSO EUROPA | N43: Vanzaghello | O43: E-DISTRIBUZIONE terminali compresi | P43: CHIUSO | S43: DU10-2-267881 | T43: TIMA | U43: CORSO EUROPA | V43: Vanzaghello | W43: Definitivo | X43: P | Y43: 4600 | AD43: IT001E120933752 | AE43: DU10-2-267881 | AF43: Duereti | AG43: Duereti | AI43: Telecontrollabile
A44: 41 | B44: e-distribuzione | C44: LONATE P. | D44: DU1046566 | E44: SEGNAN2001 | G44: DU30-2-357403 | H44: GIASSI | I44: Via Magenta, SN | J44: Lonate Pozzolo | K44: DU30-2-357403 | L44: 45.590705 - 8.782713 | M44: Via Magenta, SN | N44: Lonate Pozzolo | O44: Duereti terminali compresi | P44: CHIUSO | S44: DU10-2-267881 | T44: TIMA | U44: CORSO EUROPA | V44: Vanzaghello | W44: Definitivo | Z44: P | AA44: 400 | AD44: IT001E124230705 | AE44: DU30-2-357403 | AF44: E-D | AG44: E-D | AI44: SI
A45: 42 | B45: e-distribuzione | C45: LONATE P. | D45: DU1046566 | E45: SEGNAN2001 | G45: DU30-2-357403 | H45: GIASSI | I45: Via Magenta, SN | J45: Lonate Pozzolo | K45: DU30-2-357403 | L45: 45.590705 - 8.782713 | M45: Via Magenta, SN | N45: Lonate Pozzolo | O45: Duereti terminali compresi | P45: CHIUSO | S45: DU10-2-292076 | T45: IBAS | U45: LAT.V.MATTEOTTI | V45: Vanzaghello | W45: Definitivo | AD45: IT001E124230608 | AE45: DU30-2-357403 | AF45: E-D | AG45: E-D | AI45: SI
A46: 43 | B46: Duereti | C46: CERRO MAG. | D46: DU1014538 | E46: =VLOOKUP(D46,Foglio1!A43:B4168,2,FALSE) -> 414ARNASCH | G46: DU30-2-162896 | H46: S.C PETROLI | I46: Via Cerro | J46: Uboldo | K46: DU10-3-239268 | L46: 45.586394 - 8.97042 | M46: Via Resegone | N46: Cerro Maggiore | O46: E-DISTRIBUZIONE fino ai codoli del sezionatore escluso | P46: CHIUSO | S46: DU10-3-239268 | T46: SEZ. A PALO | U46: 45,586394 - 8,97042 | V46: Cerro Maggiore | W46: Definitivo | Z46: P | AA46: 160 | AD46: IT001E120948245 | AE46: DU30-2-162896 | AF46: E-D | AG46: E-D | AI46: Telecontrollabile
A47: 44 | B47: Duereti | C47: MAGENTA | D47: DU1030164 | E47: =VLOOKUP(D47,Foglio1!A44:B4169,2,FALSE) -> P.NUOVO | G47: DY40-4-140750 | H47: NODO RIGIDO | I47: 45,45118 - 8,801722 | J47: Trecate | K47: DU10-2-312561 | L47: 45.452524 - 8.807451 | M47: LOC. GAMBARINA | N47: Boffalora sopra Ticino | O47: E-DISTRIBUZIONE fino agli amarri (calate escluse) | P47: APERTO | S47: DU10-2-312561 | T47: GAMBARINA | U47: LOC. GAMBARINA | V47: Boffalora sopra Ticino | W47: Definitivo | X47: S | Y47: 2500 | Z47: S | AA47: 1300 | AD47: IT001E124331153 | AE47: DU10-2-312561 | AF47: Duereti | AG47: Duereti | AI47: SI | AJ47: DY40.3.158732 -DY40.2.657660
A48: 45 | B48: e-distribuzione | C48: OSPIATE_1523 | D48: DU1010562 | E48: CASTELLANZA | G48: DU00-1-380915 | H48: CP OSPIATE | I48: VIA MARCONI-FR. OSPIATE | J48: Bollate-Cascina Nuova | K48: DU10-2-256334 | L48: 45.53773 - 9.08529 | M48: Via Marconi, 22 | N48: Arese | O48: E-DISTRIBUZIONE terminali compresi | P48: CHIUSO | S48: DU10-2-256334 | T48: P C U | U48: Via Marconi, 22 | V48: Arese | W48: Definitivo | X48: P | Y48: 4200 | AD48: IT001E121237474 | AE48: DU10-2-256334 | AF48: Duereti | AG48: Duereti | AI48: Telecontrollabile
A49: 46 | B49: e-distribuzione | C49: OSPIATE_1523 | D49: DU1020630 | E49: CASTELLAZZO | G49: DU00-1-380915 | H49: CP OSPIATE | I49: VIA MARCONI-FR. OSPIATE | J49: Bollate-Cascina Nuova | K49: DU10-2-558060 | L49: 45.540515 - 9.086489 | M49: VIA ALFREDO PAPA | N49: Arese | O49: E-DISTRIBUZIONE terminali compresi | P49: CHIUSO | S49: DU10-2-558060 | T49: Giardini | U49: VIA ALFREDO PAPA | V49: Arese | W49: Definitivo | X49: P | Y49: 4500 | AD49: IT001E120934651 | AE49: DU10-2-558060 | AF49: Duereti | AG49: Duereti | AI49: SI
A50: 47 | B50: e-distribuzione | C50: OSPIATE_1523 | D50: DU1020630 | E50: CASTELLAZZO | G50: DU10-4-151480 | H50: NODO RIGIDO | I50: 45,556223 - 9,087427 | J50: Bollate-Ospiate | K50: DU10-2-515028 | L50: 45.553137 - 9.088855 | M50: V.TORRETTA, 6 | N50: Arese | O50: E-DISTRIBUZIONE terminali compresi | P50: CHIUSO | S50: DU10-2-515028 | T50: Torretta | U50: V.TORRETTA, 6 | V50: Arese | W50: Definitivo | X50: P | Y50: 400 | AD50: IT001E121237857 | AE50: DU10-2-515028 | AF50: Duereti | AG50: Duereti | AI50: Telecontrollabile | AJ50: DU10.2.611285 - DU10.3.142488
A51: 48 | B51: e-distribuzione | C51: OSPIATE_1523 | D51: DU1020630 | E51: CASTELLAZZO | G51: DU10-2-701620 | H51: ASSISTENTE | I51: Via Vismara | J51: Bollate | K51: DU10-2-701620 | L51: 45.544527 - 9.088542 | M51: Accesso da ARESE, V.Vismara 72-102 | N51: Bollate | O51: Duereti terminali compresi | P51: CHIUSO | S51: DU10-2-552180 | T51: VISMARA | U51: Via VISMARA | V51: Arese | W51: Definitivo | Z51: P | AA51: 250 | AD51: IT001E124206219 | AE51: Rete BT CS 701620 | AF51: E-D | AG51: E-D | AI51: NO
A52: 49 | B52: e-distribuzione | C52: OSPIATE_1523 | D52: DU1020630 | E52: CASTELLAZZO | G52: DU10-2-701620 | H52: ASSISTENTE | I52: Via Vismara | J52: Bollate | K52: DU10-2-701620 | L52: 45.544527 - 9.088542 | M52: Accesso da ARESE, V.Vismara 72-102 | N52: Bollate | O52: Duereti terminali compresi | P52: CHIUSO | S52: DU10-2-350028 | T52: ITALCOLLOID | U52: V.VISMARA, 78 | V52: Arese | W52: Definitivo | AD52: IT001E124206219 | AE52: Rete BT CS 701620 | AF52: E-D | AG52: E-D | AI52: NO
A53: 50 | B53: e-distribuzione | C53: OSPIATE_1523 | D53: DU1021319 | E53: AUTOSTRADA | G53: DU00-1-380915 | H53: CP OSPIATE | I53: VIA MARCONI-FR. OSPIATE | J53: Bollate-Cascina Nuova | K53: DU10-2-295782 | L53: 45.537559 - 9.086768 | M53: VIA MARCONI ANG INDUSTRIA | N53: Arese | O53: E-DISTRIBUZIONE terminali compresi | P53: CHIUSO | S53: DU10-2-295782 | T53: UNITECNO | U53: VIA MARCONI ANG INDUSTRIA | V53: Arese | W53: Definitivo | X53: P | Y53: 1400 | AD53: IT001E120934597 | AE53: DU10-2-295782 | AF53: Duereti | AG53: Duereti | AI53: Telecontrollabile
A54: 51 | B54: e-distribuzione | C54: OSPIATE_1523 | D54: DU1022736 | E54: ROSERIO | G54: DU10-2-476148 | H54: FERRARIS | I54: V.FERRARIS - Bollate | J54: Bollate-Ospiate | K54: DU10-2-576404 | L54: 45.534533 - 9.088482 | M54: V.DELLE INDUSTRIE, 24 | N54: Bollate-Ospiate | O54: E-DISTRIBUZIONE terminali compresi | P54: CHIUSO | S54: DU10-2-576404 | T54: POTI | U54: V.DELLE INDUSTRIE, 24 | V54: Arese | W54: Definitivo | X54: P | Y54: 1300 | AD54: IT001E121237865 | AE54: DU10-2-576404 | AF54: Duereti | AG54: Duereti | AI54: SI
A55: 52 | B55: e-distribuzione | C55: OSPIATE_1523 | D55: DU1037180 | E55: PAPIS | G55: DU00-1-380915 | H55: CP OSPIATE | I55: Via Marconi-FR. OSPIATE | J55: Bollate-Cascina Nuova | K55: DU10-2-537360 | L55: 45.537634 - 9.088473 | M55: V.MARCONI, 28/9 | N55: Arese | O55: E-DISTRIBUZIONE terminali compresi | P55: CHIUSO | S55: DU10-2-537360 | T55: ALL-FAR | U55: V.MARCONI, 28/9 | V55: Arese | W55: Definitivo | X55: P | Y55: 5800 | AD55: IT001E121237881 | AE55: DU10-2-537360 | AF55: Duereti | AG55: Duereti | AI55: Telecontrollabile
A56: 53 | B56: e-distribuzione | C56: CASTELLANZA | D56: DU1013459 | E56: RAVELLO | G56: DU30-2-638397 | H56: ENEL V.GEREN | I56: Via Gerenzano | J56: Castellanza | K56: DU10-2-304154 | L56: 45.618355 - 8.927255 | M56: V.MASSARECCIO | N56: Legnano | O56: E-DISTRIBUZIONE terminali compresi | P56: APERTO | S56: DU10-2-304154 | T56: MASSERECCIO | U56: V.MASSARECCIO | V56: Legnano | W56: Definitivo | X56: S | Y56: 2600 | Z56: S | AA56: 1000 | AD56: IT001E121237920 | AE56: DU10-2-304154 | AF56: Duereti | AG56: Duereti | AI56: SI
A57: 54 | B57: Duereti | C57: RESCALDINA | D57: DU1024373 | E57: =VLOOKUP(D57,Foglio1!A54:B4179,2,FALSE) -> RAVELLO | G57: DU30-2-440765 | H57: TRAZIONE | I57: Via della Pace | J57: Castellanza | K57: DU10-2-304154 | L57: 45.618355 - 8.927255 | M57: V.MASSARECCIO | N57: Legnano | O57: E-DISTRIBUZIONE terminali compresi | P57: CHIUSO | S57: DU10-2-304154 | T57: MASSERECCIO | U57: V.MASSARECCIO | V57: Legnano | W57: Definitivo | Z57: P | AA57: 250 | AD57: IT001E121237911 | AE57: DU10-2-304154 | AF57: Duereti | AG57: Duereti | AI57: SI
A58: 55 | B58: Duereti | C58: RESCALDINA | D58: DU1035064 | E58: =VLOOKUP(D58,Foglio1!A55:B4180,2,FALSE) -> GERENZANO | G58: DU30-3-185431 | H58: SEZ. 620 T | I58: 45,629541 - 8,967418 | J58: Gerenzano | K58: DU30-3-185431 | L58: 45.629541 - 8.967418 | M58: Viale Risorgimento | N58: Gerenzano | O58: Duereti fino ai codoli del sezionatore escluso | P58: APERTO | S58: DU10-2-617714 | T58: FRASCOLD | U58: V.MELZI | V58: Rescaldina | W58: Definitivo | X58: S | Y58: 2500 | Z58: S | AA58: 1000 | AD58: IT001E121238586 | AE58: DU10-2-617714 | AF58: Duereti | AG58: Duereti | AI58: Telecontrollabile
A59: 56 | B59: Duereti | C59: RESCALDINA | D59: DU1043832 | E59: =VLOOKUP(D59,Foglio1!A56:B4181,2,FALSE) -> OLMINA | G59: DU30-2-368578 | H59: CS PERNIGOTTO | I59: Via Saronnese | J59: Castellanza | K59: DU10-2-160166 | L59: 45.606457 - 8.915746 | M59: V.CANOVA, 73 | N59: Legnano | O59: E-DISTRIBUZIONE terminali compresi | P59: APERTO | S59: DU10-2-160166 | T59: Q.RE OLONA | U59: V.CANOVA, 73 | V59: Legnano | W59: Definitivo | X59: S | Y59: 2600 | Z59: S | AA59: 1300 | AD59: IT001E120929623 | AE59: DU10-2-160166 | AF59: Duereti | AG59: Duereti | AI59: SI
A60: 57 | B60: e-distribuzione | C60: SOLARO | D60: DU1021233 | E60: GROANE | G60: DU00-1-381162 | H60: CP SOLARO | I60: Via Cellini | J60: Solaro | K60: DU10-2-578707 | L60: 45.583175 - 9.086014 | M60: V.DELLE GROANE | N60: Garbagnate Milanese | O60: E-DISTRIBUZIONE terminali compresi | P60: CHIUSO | S60: DU10-2-578707 | T60: FERLONI | U60: V.DELLE GROANE | V60: Garbagnate Milanese | W60: Definitivo | X60: P | Y60: 1900 | AD60: IT001E121238594 | AE60: DU10-2-578707 | AF60: Duereti | AG60: Duereti | AI60: Telecontrollabile
A61: 58 | B61: e-distribuzione | C61: SOLARO | D61: DU1023241 | E61: OSP.GARBAGNATE | G61: DU00-1-381162 | H61: CP SOLARO | I61: Via Cellini | J61: Solaro | K61: DU10-2-216744 | L61: 45.582148 - 9.092751 | M61: VIALE CARLO FORLANINI | N61: Garbagnate Milanese | O61: E-DISTRIBUZIONE terminali compresi | P61: CHIUSO | S61: DU10-2-216744 | T61: GARBAGNATE-SALUTE | U61: VIALE CARLO FORLANINI | V61: Garbagnate Milanese | W61: Definitivo | X61: P | Y61: 4200 | AD61: IT001E120934775 | AE61: DU10-2-216744 | AF61: Duereti | AG61: Duereti | AI61: SI
A62: 59 | B62: e-distribuzione | C62: SOLARO | D62: DU1041355 | E62: FORLANINI | G62: DU00-1-381162 | H62: CP SOLARO | I62: Via Cellini | J62: Solaro | K62: DU10-2-377092 | L62: 45.583981 - 9.086652 | M62: V.DELLE ROBINIE, 10 | N62: Garbagnate Milanese | O62: E-DISTRIBUZIONE terminali compresi | P62: CHIUSO | S62: DU10-2-377092 | T62: IMPER | U62: V.DELLE ROBINIE, 10 | V62: Garbagnate Milanese | W62: Definitivo | X62: P | Y62: 3900 | AD62: IT001E121238608 | AE62: DU10-2-377092 | AF62: Duereti | AG62: Duereti | AI62: Telecontrollabile
A63: 60 | B63: Duereti | C63: CALEPPIO | D63: DU1035876 | E63: =VLOOKUP(D63,Foglio1!A60:B4185,2,FALSE) -> 783TRIBIAN | G63: DU40-4-226939 | H63: Nodo rigido | I63: 45,389855 - 9,387679 | J63: Mulazzano | K63: DU40-3-140163 | L63: 45.391448 - 9.380655 | N63: Tribiano | O63: E-DISTRIBUZIONE fino ai codoli del sezionatore escluso | P63: CHIUSO | S63: DU40-3-140163 | T63: SEZ. A PALO | U63: 45,391448 - 9,380655 | V63: Tribiano | W63: Definitivo | Z63: P | AA63: 50 | AD63: IT001E121114933 | AE63: DU10-2-255895 | AF63: Duereti | AG63: Duereti | AI63: SI | AJ63: DU40.2.394181 - DU40.3.187802
A64: 61 | B64: Duereti | C64: CALEPPIO | D64: DU1035876 | E64: =VLOOKUP(D64,Foglio1!A61:B4186,2,FALSE) -> 783TRIBIAN | G64: DU40-2-246815 | H64: CS FE28 bis | I64: VIA CASSINO D'ALBERI SN | J64: Mulazzano | K64: DU10-3-229625 | L64: 45.400399 - 9.385292 | M64: SP 158 | N64: Tribiano | O64: E-DISTRIBUZIONE fino ai codoli del sezionatore escluso | P64: APERTO | S64: DU10-3-229625 | T64: SEZ. A PALO | U64: SEZ. A PALO | V64: Tribiano | W64: Definitivo | X64: S | Y64: 2500 | Z64: S | AA64: 1600 | AD64: IT001E121114976 | AE64: DU10-2-319680 | AF64: Duereti | AG64: Duereti | AI64: SI
A65: 62 | B65: Duereti | C65: MELEGNANO | D65: DU1019354 | E65: =VLOOKUP(D65,Foglio1!A62:B4187,2,FALSE) -> 608CENTRAL | G65: DU40-2-228317 | H65: CS NICOSIA | I65: via Emilia | J65: Sordio | K65: DU10-2-441747 | L65: 45.347125 - 9.354710 | M65: Loc.Cascina Legorina (Casello TEEM) | N65: Vizzolo Predabissi | O65: E-DISTRIBUZIONE terminali compresi | P65: CHIUSO | S65: DU10-2-441747 | T65: CASELLO VIZZOLO | U65: Loc.Cascina Legorina (Casello TEEM) | V65: Vizzolo Predabissi | W65: Definitivo | Z65: P | AA65: 800 | AD65: IT001E121115182 | AE65: DU10-2-441747 | AF65: Duereti | AG65: Duereti | AI65: SI
A66: 63 | B66: Duereti | C66: INZAGO | D66: DU1015036 | E66: =VLOOKUP(D66,Foglio1!A63:B4188,2,FALSE) -> 69TRECELLA | G66: DU40-2-118303 | H66: C.NA COLOMBA | I66: CASCINA COLOMBA | J66: Rivolta d'Adda | K66: DU10-3-109809 | L66: 45.497332-9.502213 | M66: Via del Ponte | N66: Truccazzano | O66: E-DISTRIBUZIONE fino ai codoli del sezionatore escluso | P66: CHIUSO | S66: DU10-3-109809 | T66: SEZ. A PALO | U66: 45,497332-9,502213 | V66: Truccazzano | W66: Definitivo | Z66: P | AA66: 300 | AD66: IT001E120950681 | AE66: DU40-2-118303 | AF66: E-D | AG66: E-D | AI66: Telecontrollabile
A67: 64 | B67: Duereti | C67: INZAGO | D67: DU1016898 | E67: =VLOOKUP(D67,Foglio1!A64:B4189,2,FALSE) -> 47GROPPELL | G67: DU40-2-607284 | H67: STILVER | I67: VIA CRESPI DOPO DITTA EUROBUS | J67: Fara Gera d'Adda | K67: DU10-3-109530 | L67: 45.527507-9.53775 | M67: Via Abele Crespi | N67: Cassano d'Adda | O67: E-DISTRIBUZIONE fino ai codoli del sezionatore escluso | P67: APERTO | S67: DU10-3-109530 | T67: SEZ. A PALO | U67: 45,527507-9,53775 | V67: Cassano d'Adda | W67: Definitivo | X67: S | Y67: 2000 | Z67: S | AA67: 2000 | AD67: IT001E120924214 | AE67: DU40-2-607284 | AF67: E-D | AG67: E-D | AI67: SI
A68: 65 | B68: Duereti | C68: MELEGNANO | D68: DU1019354 | E68: =VLOOKUP(D68,Foglio1!A65:B4190,2,FALSE) -> 608CENTRAL | G68: DU40-3-336976 | H68: SEZIONATORE DA PALO | I68: loc. Pezzolo, presso cavalcavia su ferrovia TAV | J68: Tavazzano con Villavesco | K68: DU40-3-336976 | L68: 45.32512 - 9.382937 | M68: loc. Pezzolo, presso cavalcavia su ferrovia TAV | N68: Tavazzano con Villavesco | O68: Duereti sezionatore compreso | P68: APERTO | S68: DU40-4-103867 | T68: NODO RIGIDO | U68: nodo rigido presso Sottostazione AT RFI TAV | V68: Tavazzano con Villavesco | W68: Definitivo | X68: S | Y68: 2600 | Z68: S | AA68: 1300 | AD68: IT001E121376661 | AE68: DU40-2-344300 | AF68: E-D | AG68: E-D | AI68: SI | AK68: DU40.3.336976 - DU40.3.130378 - DU40.3.195232
A69: 66 | B69: Duereti | C69: MELEGNANO | D69: DU1019354 | E69: =VLOOKUP(D69,Foglio1!A66:B4191,2,FALSE) -> 608CENTRAL | G69: DU40.2.184763 | H69: Cabina secondaria | I69: 45.302016 - 9.382308 | J69: Salerano sul Lambro | K69: DU40.2.184763 | L69: 45.302016 - 9.382308 | M69: S.P. MONCUCCA-LODI | N69: Salerano sul Lambro | O69: Duereti terminali compresi | P69: CHIUSO | S69: DU10-4-124162 | T69: Nodo di deriv. Della CS 184763 Depuratore | U69: 45,300994 - 9,378825 | V69: Casaletto Lodigiano | W69: Definitivo | Z69: P | AA69: 2100 | AD69: IT001E124331455 | AE69: Palo MT DUERETI Lato Nord Fiume Lambro | AF69: Duereti | AG69: Duereti | AI69: NO | AJ69: DU40.2.184763 - DU40.3.128207 | AL69: Si modificherà nel breve e diventrà un unico PdC, attualmente è stato aggiornato il RdE alla situazione provvisoria con i due confini
D70: DU10 | E70: 608CENTRAL | G70: DU40.3.128207 | H70: Sezionatore su palo | I70: 45.297921 - 9.380833 | K70: DU40.3.128207 | L70: 45.297921 - 9.380833 | M70: V. MONCUCCA | O70: DUERETI fino ai codoli del sezionatore escluso | P70: CHIUSO
A71: 67 | B71: Duereti | C71: LACCHIARELLA | D71: DU1040602 | E71: =VLOOKUP(D71,Foglio1!A68:B4193,2,FALSE) -> 365GIUSSAG | G71: DU10-2-399329 | H71: ECODECO | I71: Str. Giussago-Lacchiarella | J71: Giussago | K71: DU10-2-399329 | L71: 45.303737 - 9.143129 | M71: Str. Giussago-Lacchiarella | N71: Giussago | O71: Duereti terminali compresi | P71: CHIUSO | S71: DU00-1-382649 | T71: CP LACCHIARELLA | U71: S.P. N 105 PER BADILE | V71: Lacchiarella | W71: Definitivo | Z71: P | AA71: 3800 | AD71: IT001E121037262 | AE71: DU10-2-399329 | AF71: E-D | AG71: E-D | AI71: SI
A72: 68 | B72: Duereti | C72: MELEGNANO | D72: DU1019354 | E72: =VLOOKUP(D72,Foglio1!A69:B4194,2,FALSE) -> 608CENTRAL | G72: DU40-2-562175 | H72: VILLA ROSSA | I72: C.na Villa Rossa | J72: Casaletto Lodigiano | K72: DU10-2-134325 | L72: 45.314668 - 9.336034 | M72: C.NA VOLPERE | N72: Cerro al Lambro | O72: E-DISTRIBUZIONE fino agli amarri (calate escluse) | P72: APERTO | S72: DU10-2-134325 | T72: VOLPERE | U72: C.NA VOLPERE | V72: Cerro al Lambro | W72: Definitivo | X72: P | Y72: 250 | AD72: IT001E121774305 | AE72: DU10-2-134325 | AF72: Duereti | AG72: Duereti | AI72: SI
A73: 69 | B73: Duereti | C73: MELEGNANO | D73: DU1019354 | E73: =VLOOKUP(D73,Foglio1!A70:B4195,2,FALSE) -> 608CENTRAL | G73: DU10-3-268378 | H73: Sezionatore da palo | I73: Dietro C.na Volpera (45,314271 - 9,334478) | J73: Bascapè | K73: DU10-3-268378 | L73: 45.314271 - 9.334478 | M73: Dietro C.na Volpera (45,314271 - 9,334478) | N73: Bascapè | O73: Duereti sezionatore compreso | P73: CHIUSO | S73: DU10-2-134325 | T73: VOLPERE | U73: C.NA VOLPERE | V73: Cerro al Lambro | W73: Definitivo | AD73: IT001E121774305 | AE73: DU10-2-134325 | AF73: Duereti | AG73: Duereti | AI73: SI
A74: 70 | B74: Duereti | C74: MELEGNANO | D74: DU1041399 | E74: =VLOOKUP(D74,Foglio1!A71:B4196,2,FALSE) -> 610CITTA` | G74: DU40-4-187146 | H74: NODO RIGIDO | I74: 45,359483; 9,367429 | J74: Casalmaiocco | K74: DU10-2-252769 | L74: 45.355769 - 9.350044 | M74: C.NA BESOZZI - Via Roma | N74: Vizzolo Predabissi | O74: E-DISTRIBUZIONE terminali compresi | P74: APERTO | S74: DU10-2-252769 | T74: BESOZZI_INT_AUT_BT | U74: C.NA BESOZZI - Via Roma | V74: Vizzolo Predabissi | W74: Definitivo | X74: S | Y74: 2600 | Z74: S | AA74: 1000 | AD74: IT001E124330751 | AE74: DU10-2-252769 | AF74: Duereti | AG74: Duereti | AI74: SI | AJ74: DU40.2.494519 - DU40.2.333356
A75: 71 | B75: Duereti | C75: MELEGNANO | D75: DU1046205 | E75: =VLOOKUP(D75,Foglio1!A72:B4197,2,FALSE) -> 632DRESANO | G75: DU40-2-282081 | H75: MADONNINA | I75: Via VERONA 3 | J75: Casalmaiocco | K75: DU10-2-656101 | L75: 45.369147 - 9.357628 | M75: VIA INDUSTRIA | N75: Dresano | O75: E-DISTRIBUZIONE terminali compresi | P75: APERTO | S75: DU10-2-656101 | T75: VIA INDUSTRIA C | U75: VIA INDUSTRIA | V75: Dresano | W75: Definitivo | X75: S | Y75: 1950 | Z75: S | AA75: 1950 | AD75: IT001E121238713 | AE75: DU10-2-656101 | AF75: Duereti | AG75: Duereti | AI75: SI
A76: 72 | B76: Duereti | C76: MELEGNANO | D76: DU1019354 | E76: =VLOOKUP(D76,Foglio1!A73:B4198,2,FALSE) -> 608CENTRAL | G76: DU40-4-136014 | H76: NODO RIGIDO | I76: via Emilia | J76: Sordio | K76: DU10-2-345761 | L76: 45.338649 - 9.364031 | M76: VIA EMILIA | N76: San Zenone al Lambro | O76: E-DISTRIBUZIONE terminali compresi | P76: APERTO | S76: DU10-2-345761 | T76: VILLABISSONE | U76: VIA EMILIA | V76: San Zenone al Lambro | W76: Definitivo | X76: P | Y76: 250 | AD76: IT001E121238802 | AE76: Rete BT CS 345761 | AF76: Duereti | AG76: Duereti | AI76: NO | AJ76: DU40.2.153712 - DU40.2.228317
A77: 73 | B77: e-distribuzione | C77: MONTANASO | D77: DU1024443 | E77: VILLAVESCOVO | G77: DU40-2-284719 | H77: VIA MAZZINI | I77: via Mazzini | J77: Sordio | K77: DU10-2-345761 | L77: 45.338649 - 9.364031 | M77: VIA EMILIA | N77: San Zenone al Lambro | O77: E-DISTRIBUZIONE terminali compresi | P77: CHIUSO | S77: DU10-2-345761 | T77: VILLABISSONE | U77: VIA EMILIA | V77: San Zenone al Lambro | W77: Definitivo | AD77: IT001E121238802 | AE77: Rete BT CS 345761 | AF77: Duereti | AG77: Duereti | AI77: NO
A78: 74 | B78: e-distribuzione | C78: ZELO BUON PERSICO | D78: DU1029134 | E78: IGLAS | G78: DU40-2-480096 | H78: PEDONE | I78: Via Dante | J78: Zelo Buon Persico | K78: DU10-2-141054 | L78: 45.417838 - 9.420692 | M78: S.P. 181 - STRADA PAULLESE | N78: Paullo | O78: E-DISTRIBUZIONE terminali compresi | P78: APERTO | S78: DU10-2-141054 | T78: PA-EUROGRAPHIC | U78: S.P. 181 - STRADA PAULLESE | V78: Paullo | W78: Definitivo | X78: S | Y78: 1000 | Z78: S | AA78: 1000 | AD78: IT001E121115387 | AE78: DU10-2-141054 | AF78: Duereti | AG78: Duereti | AI78: Telecontrollabile
A79: 75 | B79: e-distribuzione | C79: ZELO BUON PERSICO | D79: DU1029134 | E79: IGLAS | G79: DU00-1-383885 | H79: CP ZELO | I79: Via per Zelo | J79: Zelo Buon Persico | K79: DU10-2-277144 | L79: 45.414568 - 9.406484 | M79: VIA LEOPARDI | N79: Paullo | O79: E-DISTRIBUZIONE terminali compresi | P79: CHIUSO | S79: DU10-2-277144 | T79: PA-V.LEOPARDI | U79: VIA LEOPARDI | V79: Paullo | W79: Definitivo | X79: P | Y79: 2900 | AD79: IT001E121238721 | AE79: DU10-2-277144 | AF79: Duereti | AG79: Duereti | AI79: Telecontrollabile
A80: 76 | B80: e-distribuzione | C80: ZELO BUON PERSICO | D80: DU1032171 | E80: DEPURATORE | G80: DU00-1-383885 | H80: CP ZELO | I80: Via per Zelo | J80: Zelo Buon Persico | K80: DU10-2-414486 | L80: 45.414197 - 9.397534 | M80: VIA GAGARIN | N80: Paullo | O80: E-DISTRIBUZIONE terminali compresi | P80: CHIUSO | S80: DU10-2-414486 | T80: PA-V.GAGARIN | U80: VIA GAGARIN | V80: Paullo | W80: Definitivo | X80: P | Y80: 4400 | AD80: IT001E121115620 | AE80: DU10-2-414486 | AF80: Duereti | AG80: Duereti | AI80: Telecontrollabile
A81: 77 | B81: e-distribuzione | C81: ZELO BUON PERSICO | D81: DU1040317 | E81: PAULLO | G81: DU40-2-461797 | H81: BRICCHI | I81: S.P. LODI-Zelo B.P. | J81: Zelo Buon Persico | K81: DU40-2-461797 | L81: 45.398421 - 9.416487 | M81: S.P. LODI-Zelo B.P. | N81: Zelo Buon Persico | O81: Duereti terminali compresi | P81: CHIUSO | S81: DU10-3-291171 | T81: SEZ. A PALO | U81: SEZ. VERSO CP ZELO B.P. | V81: Paullo | W81: Definitivo | X81: P | Y81: 910 | AD81: IT001E121654440 | AE81: DU40-2-461797 | AF81: E-D | AG81: E-D | AI81: Telecontrollabile
A82: 78 | B82: e-distribuzione | C82: ZELO BUON PERSICO | D82: DU1056690 | E82: RISERVA MICROSOFT | G82: DU00-1-383885 | H82: CP ZELO | I82: Via per Zelo | J82: Zelo Buon Persico | K82: DU10-2-421037 | L82: 45.421299 - 9.408142 | M82: VIA MAZZARELLO | N82: Paullo | O82: E-DISTRIBUZIONE terminali compresi | P82: CHIUSO | S82: DU10-2-421037 | T82: PA-L. QUERCE | U82: VIA MAZZARELLO | V82: Paullo | W82: Definitivo | X82: P | Y82: 9900 | AD82: IT001E121115841 | AE82: DU10-2-421037 | AF82: Duereti | AG82: Duereti | AI82: SI
A83: 79 | B83: e-distribuzione | C83: BRUGHERIO | D83: DU1026604 | E83: BARAGGIA | G83: DU10-2-519988 | H83: TORRIANA | I83: CASC.VILLORESI | J83: Brugherio | K83: DU10-2-519988 | L83: 45.53992 - 9.325398 | M83: CASC.VILLORESI | N83: Brugherio | O83: Duereti fino agli amarri (calate escluse) | P83: CHIUSO | S83: DU10-2-257167 | T83: CU-VIA ADUA | U83: Via Adua | V83: Cernusco sul Naviglio | W83: Definitivo | X83: P | Y83: 160 | AD83: IT001E121689014 | AE83: DU10-2-257167 | AF83: Duereti | AG83: Duereti | AI83: Telecontrollabile
A84: 80 | B84: Duereti | C84: CALEPPIO | D84: DU1047014 | E84: =VLOOKUP(D84,Foglio1!A81:B4206,2,FALSE) -> 8VAIANO | G84: DU40-4-221044 | H84: NODO RIGIDO | I84: 45,443735 - 9,427752 | J84: Comazzo | K84: DU10-3-291284 | L84: 45.438374 - 9.395564 | M84: Via Cascina Contino | N84: Settala | O84: E-DISTRIBUZIONE fino ai codoli del sezionatore escluso | P84: CHIUSO | S84: DU10-3-291284 | T84: SEZ.A PALO | U84: Via Cascina Contino | V84: Settala | W84: Definitivo | Z84: P | AA84: 3000 | AD84: IT001E121116201 | AE84: DU10-2-701515 | AF84: Duereti | AG84: Duereti | AI84: Telecontrollabile | AJ84: DU40.2.332406 -DU40.2.434475
A85: 81 | B85: e-distribuzione | C85: CAPONAGO | D85: DU1010436 | E85: 21IBM | G85: DU10-2-583695 | H85: CNA OROMBELLA | I85: Via Orombella | J85: Cambiago | K85: DU10-2-546957 | L85: 45.558547 - 9.419335 | M85: VIA MEUCCI | N85: Gessate | O85: E-DISTRIBUZIONE terminali compresi | P85: CHIUSO | S85: DU10-2-546957 | T85: GE-GMC | U85: VIA MEUCCI | V85: Gessate | W85: Definitivo | X85: P | Y85: 2600 | AD85: IT001E120935038 | AE85: DU10-2-546957 | AF85: Duereti | AG85: Duereti | AI85: Telecontrollabile
A86: 82 | B86: e-distribuzione | C86: CAPONAGO | D86: DU1015535 | E86: PESSANO | G86: DU10-2-102090 | H86: PE-CASELLO TEEM | I86: S.P 13 | J86: Caponago | K86: DU10-2-436274 | L86: 45.557104 - 9.382099 | M86: S.P. 13 2 | N86: Pessano Con Bornago | O86: E-DISTRIBUZIONE terminali compresi | P86: CHIUSO | S86: DU10-2-436274 | T86: PE-CASTEL | U86: S.P. 13 2 | V86: Pessano Con Bornago | W86: Definitivo | X86: P | Y86: 4300 | AD86: IT001E120937171 | AE86: DU10-2-436274 | AF86: Duereti | AG86: Duereti | AI86: Telecontrollabile
A87: 83 | B87: e-distribuzione | C87: CAPONAGO | D87: DU1039824 | E87: BUSSERO | G87: DU10-2-221377 | H87: CS-V.BATTISTI | I87: Via Battisti | J87: Carugate | K87: DU10-2-382499 | L87: 45.550472 - 9.357374 | M87: C.NA VALERA | N87: Pessano Con Bornago | O87: E-DISTRIBUZIONE terminali compresi | P87: CHIUSO | S87: DU10-2-382499 | T87: PE-C.VALERA | U87: C.NA VALERA | V87: Pessano Con Bornago | W87: Definitivo | X87: P | Y87: 400 | AD87: IT001E121238616 | AE87: DU10-2-382499 | AF87: Duereti | AG87: Duereti | AI87: Telecontrollabile
A88: 84 | B88: e-distribuzione | C88: CAPONAGO | D88: DU1039824 | E88: BUSSERO | G88: DU10-2-398735 | H88: CR-GINESTRINO | I88: Via del Ginestrino | J88: Carugate | K88: DU10-2-382499 | L88: 45.550471 - 9.357373 | M88: C.NA VALERA | N88: Pessano Con Bornago | O88: E-DISTRIBUZIONE terminali compresi | P88: CHIUSO | S88: DU10-2-382499 | T88: PE-C.VALERA | U88: C.NA VALERA | V88: Pessano Con Bornago | W88: Definitivo | AD88: IT001E121238624 | AE88: DU10-2-382499 | AF88: Duereti | AG88: Duereti | AI88: Telecontrollabile
A89: 85 | B89: e-distribuzione | C89: CAPONAGO | D89: DU1040545 | E89: CAMBIAGO | G89: DU00-1-380387 | H89: CP CAPONAGO | I89: Via Battisti | J89: Caponago | K89: DU10-2-129977 | L89: 45.557026 - 9.384817 | M89: VIA ALZAIA | N89: Pessano Con Bornago | O89: E-DISTRIBUZIONE terminali compresi | P89: CHIUSO | S89: DU10-2-129977 | T89: PE-ITALINOX | U89: VIA ALZAIA | V89: Pessano Con Bornago | W89: Definitivo | X89: P | Y89: 6000 | AD89: IT001E121238632 | AE89: DU10-2-129977 | AF89: Duereti | AG89: Duereti | AI89: Telecontrollabile
A90: 86 | B90: e-distribuzione | C90: CAVENAGO | D90: DU1030788 | E90: MASATE | G90: DU10-2-229923 | H90: CB-V.OBERDAN | I90: Via Oberdan, 25 | J90: Cambiago | K90: DU10-2-142892 | L90: 45.560071 - 9.430316 | M90: VIA SONDRIO | N90: Gessate | O90: E-DISTRIBUZIONE terminali compresi | P90: CHIUSO | S90: DU10-2-142892 | T90: GE-V.SONDRIO | U90: VIA SONDRIO | V90: Gessate | W90: Definitivo | X90: P | Y90: 2200 | AD90: IT001E120932241 | AE90: DU10-2-142892 | AF90: Duereti | AG90: Duereti | AI90: Telecontrollabile
A91: 87 | B91: e-distribuzione | C91: CAVENAGO | D91: DU1034767 | E91: 409IBM | G91: DU10-2-213891 | H91: BA-V.DONIZETTI | I91: Via Vivaldi SN | J91: Basiano | K91: DU10-2-333010 | L91: 45.57085 - 9.466597 | M91: VIA MILANO SN | N91: Masate | O91: E-DISTRIBUZIONE terminali compresi | P91: CHIUSO | S91: DU10-2-333010 | T91: MA-V.MILANO | U91: VIA MILANO SN | V91: Masate | W91: Definitivo | X91: P | Y91: 1050 | AD91: IT001E120931512 | AE91: DU10-2-333010 | AF91: Duereti | AG91: Duereti | AI91: SI
A92: 88 | B92: e-distribuzione | C92: CAVENAGO | D92: DU1034767 | E92: 409IBM | G92: DU10-2-226117 | H92: BA-C.VIVETTA | I92: Via dei Campi, 3 | J92: Basiano | K92: DU10-2-333010 | L92: 45.57085 - 9.466597 | M92: VIA MILANO SN | N92: Masate | O92: E-DISTRIBUZIONE terminali compresi | P92: CHIUSO | S92: DU10-2-333010 | T92: MA-V.MILANO | U92: VIA MILANO SN | V92: Masate | W92: Definitivo | AD92: IT001E120931377 | AE92: DU10-2-333010 | AF92: Duereti | AG92: Duereti | AI92: SI
A93: 89 | B93: Duereti | C93: MELEGNANO | D93: DU1033866 | E93: =VLOOKUP(D93,Foglio1!A90:B4215,2,FALSE) -> 689RIOZZO | G93: DU40-2-565363 | H93: SIFAVITOR | I93: Ex S.P. S.ANGELO | J93: Casaletto Lodigiano | K93: DU10-3-108063 | L93: 45.317804 - 9.353028 | M93: Via Mirandola, 1 | N93: Cerro al Lambro | O93: E-DISTRIBUZIONE fino ai codoli del sezionatore escluso | P93: CHIUSO | S93: DU10-3-108063 | T93: SEZ. A PALO | U93: Via Mirandola, 1 | V93: Cerro al Lambro | W93: Definitivo | Z93: P | AA93: 900 | AD93: IT001E120951106 | AE93: DU40-2-565363 | AF93: E-D | AG93: E-D | AI93: Telecontrollabile
A94: 90 | B94: e-distribuzione | C94: CAVENAGO | D94: DU1054474 | E94: ATM GESSATE | G94: DU00-1-385549 | H94: CP CAVENAGO | I94: STRADA COM.CAVENAGO-BASIANO | J94: Cavenago Brianza | K94: DU10-2-742803 | L94: 45.558692 - 9.441302 | M94: Piazza Aturia - v. C.na Rogorino | N94: Gessate | O94: E-DISTRIBUZIONE terminali compresi | P94: CHIUSO | S94: DU10-2-742803 | T94: GE-C.NA ROGORINO | U94: Piazza Aturia - v. C.na Rogorino | V94: Gessate | W94: Definitivo | X94: P | Y94: 4500 | AD94: IT001E120936930 | AE94: DU10-2-742803 | AF94: Duereti | AG94: Duereti | AI94: Telecontrollabile
A95: 91 | B95: e-distribuzione | C95: COLOGNO | D95: DU1011131 | E95: 260PERISSI | G95: DU10-2-404738 | H95: V.CARDUCCI | I95: VIA CARDUCCI 14 16C | J95: Cologno Monzese | K95: DU10-2-572262 | L95: 45.520154 - 9.292439 | M95: VIA PASCOLI 32, 22A | N95: Vimodrone | O95: E-DISTRIBUZIONE terminali compresi | P95: CHIUSO | S95: DU10-2-572262 | T95: BAIACUCCO | U95: VIA PASCOLI 32, 22A | V95: Vimodrone | W95: Definitivo | X95: P | Y95: 500 | AD95: IT001E121116545 | AE95: DU10-2-572262 | AF95: Duereti | AG95: Duereti | AI95: Telecontrollabile
A96: 92 | B96: Duereti | C96: MELEGNANO | D96: DU1048008 | E96: =VLOOKUP(D96,Foglio1!A93:B4218,2,FALSE) -> 618CIVESIO | G96: DU10-2-641594 | H96: FOINA SEZ. | I96: FRAZ.PAIRANA | J96: Landriano | K96: DU10-2-641594 | L96: 45.326972 - 9.280773 | M96: FRAZ.PAIRANA | N96: Landriano | O96: Duereti terminali compresi | P96: APERTO | S96: DU10-2-128620 | T96: VIA D'ANTONA | U96: VIA D'ANTONA | V96: Carpiano | W96: Definitivo | X96: S | Y96: 2000 | Z96: S | AA96: 2000 | AD96: IT001E123978269 | AE96: DU10-2-641594 | AF96: E-D | AG96: E-D | AI96: Telecontrollabile
A97: 93 | B97: Duereti | C97: MELEGNANO | D97: DU1048008 | E97: =VLOOKUP(D97,Foglio1!A94:B4219,2,FALSE) -> 618CIVESIO | G97: DU10-2-641594 | H97: FOINA SEZ. | I97: FRAZ.PAIRANA | J97: Landriano | K97: DU10-2-641594 | L97: 45.326972 - 9.280773 | M97: FRAZ.PAIRANA | N97: Landriano | O97: Duereti terminali compresi | P97: CHIUSO | S97: DU10-4-200336 | T97: NODO RIGIDO | U97: 45,327395-9,280485 | V97: Carpiano | W97: Definitivo | Z97: P | AA97: 2000 | AD97: IT001E123978366 | AE97: DU10-2-641594 | AF97: E-D | AG97: E-D | AI97: SI | AK97: DU10.3.180384 - DU10.3.208621
A98: 94 | B98: e-distribuzione | C98: COLOGNO | D98: DU1011131 | E98: 260PERISSI | G98: DU10-2-510384 | H98: VIA G.ROSSA 1 | I98: VIA G.ROSSA 1 15D | J98: Cologno Monzese | K98: DU10-2-510384 | L98: 45.523783 - 9.288659 | M98: VIA G.ROSSA 1 15D | N98: Cologno Monzese | O98: Duereti terminali compresi | P98: CHIUSO | S98: DU10-2-468137 | T98: V. PASCOLI 13 | U98: VIA PASCOLI 13 21B | V98: Vimodrone | W98: Definitivo | X98: P | Y98: 2000 | AD98: IT001E121404966 | AE98: DU10-2-510384 | AF98: E-D | AG98: E-D | AI98: Telecontrollabile
A99: 95 | B99: e-distribuzione | C99: COLOGNO | D99: DU1011516 | E99: 264VILLORE | G99: DU00-1-383641 | H99: CP COLOGNO | I99: Via Carducci, 99 | J99: Cologno Monzese | K99: DU10-3-238227 | L99: 45.526565 - 9.313861 | M99: Via A. Vespucci SP120 | N99: Cernusco sul Naviglio | O99: E-DISTRIBUZIONE fino al sezionatore compreso | P99: CHIUSO | S99: DU10-3-238227 | T99: SEZ. A PALO | U99: Via A. Vespucci SP120 | V99: Cernusco sul Naviglio | W99: Definitivo | X99: P | Y99: 360 | AD99: IT001E121811651 | AE99: DU10-2-104679 | AF99: Duereti | AG99: Duereti | AI99: Telecontrollabile
A100: 96 | B100: e-distribuzione | C100: COLOGNO | D100: DU1014485 | E100: 261OSPEDAL | G100: DU00-1-383641 | H100: CP COLOGNO | I100: Via Carducci, 99 | J100: Cologno Monzese | K100: DU10-2-354051 | L100: 45.524939 - 9.31475 | M100: VIA MONZA 138 | N100: Cernusco sul Naviglio | O100: E-DISTRIBUZIONE terminali compresi | P100: CHIUSO | S100: DU10-2-354051 | T100: CU-VIA MONZA 138 | U100: VIA MONZA 138 | V100: Cernusco sul Naviglio | W100: Definitivo | X100: P | Y100: 2000 | AD100: IT001E120934872 | AE100: DU10-2-354051 | AF100: Duereti | AG100: Duereti | AI100: SI
...

Sheet Foglio1
A5: CODE_SG | B5: NOME
A10: DU1024855 | B10: VIGEVANESE
B11: (sec)
B12: (ms)
A14: DU1034319 | B14: 1BORDONI
B15: (sec)
B16: (ms)
B17: (ms)
B18: (ms)
B19: (sec)
A23: DU1041509 | B23: 109MOLINET
B24: (sec)
B25: (ms)
B26: (ms)
B27: (ms)
B28: (sec)
A32: DU1030947 | B32: TRAVAGLIA
B33: (sec)
B34: (ms)
B35: (ms)
B36: (ms)
B37: (sec)
A41: P | B41: CERAMICA
B42: (sec)
B43: (ms)
B44: (ms)
B45: (ms)
B46: (sec)
A50: DU1028250 | B50: TESSERA
A51: DU1026569 | B51: BUCCINASCO
B52: (sec)
B53: (ms)
A55: DU1029855 | B55: ZIF
B56: (sec)
B57: (ms)
B58: (ms)
B59: (ms)
B60: (sec)
A64: DU1037645 | B64: ASSAGO
B65: (sec)
B66: (ms)
A68: DU1029345 | B68: SEDE
A69: DU1016478 | B69: TREZZANO
B70: (sec)
B71: (ms)
B72: (ms)
B73: (ms)
B74: (sec)
A78: DU1011034 | B78: IVISC
B79: (sec)
B80: (ms)
A82: DU1038281 | B82: GABIRANO
B83: (sec)
B84: (ms)
B85: (ms)
B86: (ms)
B87: (sec)
A91: DU1017092 | B91: S.NOVO
B92: (sec)
B93: (ms)
A95: DU1027108 | B95: MIRABELLO
B96: (sec)
B97: (ms)
A99: DU1035260 | B99: VENINA
B100: (sec)
B101: (ms)
B102: (ms)
B103: (ms)
B104: (sec)
A108: DU1015709 | B108: BESANA
B109: (sec)
B110: (ms)
B111: (ms)
B112: (ms)
B113: (sec)
A117: DU1032996 | B117: CORSICO
B118: (sec)
B119: (ms)
B120: (ms)
B121: (ms)
B122: (sec)
A126: DU1035398 | B126: LAVAGNA
B127: (sec)
B128: (ms)
B129: (ms)
B130: (ms)
B131: (sec)
A135: DU1032112 | B135: LUCCHINI
B136: (sec)
B137: (ms)
B138: (ms)
B139: (ms)
B140: (sec)
A144: DU1022765 | B144: 2BORDONI
B145: (sec)
B146: (ms)
B147: (ms)
B148: (ms)
B149: (sec)
A153: DU1044795 | B153: NAVIGLIO
...

Sheet BT
A1: ID Regolam. Esercizio | C1: Caratteristiche Tecniche Punto di Interconnessione BT | P1: Caratteristiche del Punto di Misura | U1: Zona di competenza | W1: Note
L2: Da E-distribuzione a Duereti | N2: Da Duereti a E-distribuzione
B3: Distributore alimentante | C3: Cabina secondaria (o nodo) alimentante | D3: Numero di partenza BT | E3: Denominazione e/o indirizzo della cabina (nodo) | F3: Comune della cabina | G3: Ubicazione del punto di confine | H3: Indirizzo | I3: Comune | J3: Coordinate geografiche del punto di confine | K3: Utenze alimentate | L3: Condizione standard di esercizio | M3: potenza disponibile kW | N3: Condizione standard di esercizio | O3: potenza disponibile kW | P3: POD ED | Q3: POD Duereti | R3: Ubicazione del misuratore | S3: Proprietà misuratore | T3: Proprietà Riduttori | U3: Duereti | V3: E-distribuzione | W3: (Somma dei clienti)
A4: 1 | B4: E-distribuzione | C4: 102090 | D4: A | E4: PE-CASELLO TEEM - S.P. 13 | F4: Caponago | G4: Morsetti superiori interruttore BT di separazione | H4: S.P. 13 | I4: CAPONAGO | J4: 45,559051 - 9,388968 | K4: Utenze BT in Via Galilei | L4: C | M4: 100 | P4: IT001E12412099 | R4: Presso CS 102090 PE-CASELLO TEEM | S4: E-distribuzione | T4: E-distribuzione | V4: LOM-UT MB -BLUE TEAM VIMERCATE
A5: 2 | B5: E-distribuzione | C5: 118303 | D5: B | E5: posso | F5: Rivolta d'Adda | G5: Morsetti superiori interruttore BT di separazione | H5: C.na Colomba | I5: RIVOLTA D'ADDA | J5: 45,497385 - 9,511009 | K5: Utenze BT in Via Bosco Verdi | L5: C | M5: 30 | P5: IT001E12441973 | R5: Presso interruttore in cassetto stradale adiacente CS118303 | S5: E-distribuzione | T5: E-distribuzione | V5: LOM-UT CR-LO -BLUE TEAM CREMONA
A6: 3 | B6: Duereti | C6: 120260 | D6: B | E6: VIA SICILIA - V.SICILIA | F6: Magnago | G6: Morsetti inferiori misuratore di scambio BT | H6: Via Delle Brugherie | I6: MAGNAGO | J6: 45,575200 - 8,835319 | K6: Utenze BT in Via Bienate | N6: C | O6: 40 | P6: IT001E12418826 | R6: Presso locale contatori cliente | S6: Duereti | T6: Duereti | V6: LOM-UT VA -BLUE TEAM BUSTO ARSIZIO
A7: 4 | B7: E-distribuzione | C7: 121316 | D7: A | E7: CAIELLA - STR.CASORATE-MOTTA | F7: Casorate Primo | G7: Morsetti superiori dei misuratori dei clienti con POD: IT001E14905566 IT001E18163131 | H7: Via Cavour | I7: MOTTA VISCONTI | J7: Coordinate dei POD Clienti | K7: Utenze BT in Via Cavour | L7: C | M7: 20 | P7: IT001E12436928 | R7: Misura dell'energia mediante misuratori clienti | S7: E-distribuzione | T7: E-distribuzione | V7: LOM-UT PV -BLUE TEAM PAVIA
A8: 5 | B8: E-distribuzione | C8: 121607 | D8: A | E8: CHIMICA - MOLINO MOLGORA COMAZZO | F8: Comazzo | G8: Morsetti superiori interruttore BT di separazione | H8: Via Mulino / STR PR 181 | I8: COMAZZO | J8: 45,468144 - 9,443876 | K8: Utenze BT in Via Mulino | L8: C | M8: 20 | P8: IT001E12456263 | R8: Presso interruttore in cassonetto stradale ai piedi del palo | S8: E-distribuzione | T8: E-distribuzione | V8: LOM-UT CR-LO -BLUE TEAM LODI
A9: 6 | B9: Duereti | C9: 129977 | D9: A | E9: PE-ITALINOX - VIA ALZAIA | F9: Pessano con Bornago | G9: Morsetti superiori interruttore BT di separazione | H9: SP13 | I9: PESSANO | J9: 45,557111 - 9,383596 | K9: Utenze BT in Via Caponago Pessano | N9: C | O9: 30 | P9: IT001E12314729 | R9: Presso interruttore in cassonetto su palo | S9: Duereti | T9: Duereti | V9: LOM-UT MB -BLUE TEAM VIMERCATE
A10: 7 | B10: Duereti | C10: 135955 | D10: B | E10: DEPURATORE - CASCINA MALINGAMBA | F10: Lainate | G10: Morsetti inferiori misuratore di scambio BT | H10: Via per Lainate | I10: LAINATE | J10: 45,585158 - 9,024696 | K10: Utenze BT in Via Lainate | N10: C | O10: 110 | P10: IT001E12418846 | R10: Presso cassonetto su palo | S10: Duereti | T10: Duereti | V10: LOM-UT VA -BLUE TEAM SARONNO
A11: 8 | B11: E-distribuzione | C11: 143176 | D11: A | E11: DELL'ACQUA - STR.PER BESATE | F11: Casorate Primo | G11: Morsetti superiori dei misuratori dei clienti con POD: IT001E11104075 IT001E16637268 | H11: Via Novellino | I11: BUBBIANO | J11: Coordinate dei POD Clienti | K11: Utenze BT in Via Novellino | L11: C | M11: 20 | P11: IT001E12436951 | R11: Misura dell'energia mediante misuratori clienti | S11: E-distribuzione | T11: E-distribuzione | V11: LOM-UT PV -BLUE TEAM PAVIA
A12: 9 | B12: E-distribuzione | C12: 146487 | D12: A | E12: V.SAN CARLO - VIA S.CARLO 6 | F12: Cologno Monzese | G12: Morsetti superiori dei misuratori dei clienti con POD: IT001E14509823 | H12: Via San Carlo | I12: VIMODRONE | J12: Coordinate dei POD Clienti | K12: Utenze BT in Via San Carlo | L12: C | M12: 90 | P12: IT001E12500097 | R12: Misura dell'energia mediante misuratori clienti | S12: E-distribuzione | T12: E-distribuzione | V12: LOM-UT MB -BLUE TEAM MONZA
A13: 10 | B13: E-distribuzione | C13: 146487 | D13: D | E13: V.SAN CARLO - VIA S.CARLO 6 | F13: Cologno Monzese | G13: Morsetti superiori dei misuratori dei clienti con POD: IT001E17612846 | H13: Via San Carlo | I13: VIMODRONE | J13: Coordinate dei POD Clienti | K13: Utenze BT in Via San Carlo | L13: C | M13: 90 | P13: IT001E12500241 | R13: Misura dell'energia mediante misuratori clienti | S13: E-distribuzione | T13: E-distribuzione | V13: LOM-UT MB -BLUE TEAM MONZA
A14: 11 | B14: Duereti | C14: 160166 | D14: D | E14: Q.RE OLONA - V.CANOVA, 73 | F14: Legnano | G14: Morsetti superiori dei misuratori dei clienti con POD: | H14: Via Adige | I14: CASTELLANZA | J14: Coordinate dei POD Clienti | K14: Utenze BT in Via Adige | N14: C | O14: 10 | P14: IT001E12418862 | R14: Misura dell'energia mediante misuratori clienti | S14: Duereti | T14: Duereti | V14: LOM-UT VA -BLUE TEAM SARONNO
A15: 12 | B15: Duereti | C15: 160166 | D15: D | E15: Q.RE OLONA - V.CANOVA, 73 | F15: Legnano | G15: Morsetti inferiori misuratore di scambio BT | H15: Via Antonio Canova | I15: LEGNANO | J15: 45,607245 - 8,913903 | K15: Utenze BT in Via Locatelli | N15: C | O15: 50 | P15: IT001E12418871 | R15: Presso cassonetto su palo | S15: Duereti | T15: Duereti | V15: LOM-UT VA -BLUE TEAM SARONNO
A16: 13 | B16: E-distribuzione | C16: 162896 | D16: A | E16: S.C.PETROLI - VIA CERRO | F16: Uboldo | G16: Morsetti superiori dei misuratori dei clienti con POD: IT001E17612846 | H16: Via Resegone | I16: CERRO MAGGIORE | J16: Coordinate dei POD Clienti | K16: Utenze BT in Via Resegone | L16: C | M16: 10 | P16: IT001E12436964 | R16: Misura dell'energia mediante misuratori clienti | S16: E-distribuzione | T16: E-distribuzione | V16: LOM-UT VA -BLUE TEAM SARONNO
A17: 14 | B17: E-distribuzione | C17: 167948 | D17: 7 | E17: RODIO - S.P. PANDINA | F17: Casalmaiocco | G17: Morsetti superiori dei misuratori dei clienti con POD: IT001E15492418 IT001E15492715 IT001E15492463 IT001E18273144 IT001E15492412 IT001E15492459 IT001E15210053 IT001E15492408 IT001E18307994 IT001E15492427 IT001E15492464 IT001E15492409 IT001E15492405 IT001E15492457 IT001E15210051 IT001E15492410 IT001E15492406 IT001E15492472 IT001E15492454 IT001E15492414 IT001E15492437 IT001E15492455 IT001E15492456 IT001E15492458 IT001E15492436 IT001E15492719 IT001E15492462 IT001E15492465 IT001E15210052 IT001E15492451 IT001E15492721 IT001E15492460 IT001E15492469 IT001E15492722 IT001E15492468 IT001E15492438 IT001E15492411 IT001E15492452 IT001E15492426 IT001E15492413 IT001E15492720 IT001E15492415 IT001E15492450 IT001E15492718 IT001E15492407 IT001E15492466 IT001E15492416 IT001E15492453 IT001E15492435 IT001E15492291 IT001E15492467 IT001E16641608 IT001E15492434 IT001E15492716 IT001E16557012 IT001E14196460 IT001E15492447 IT001E15492431 IT001E04420366 IT001E14196458 IT001E15492430 IT001E15492439 IT001E15492395 IT001E15492377 IT001E16557019 IT001E15492389 IT001E15492486 IT001E15492397 IT001E15492441 IT001E15492384 IT001E15492404 IT001E16557011 IT001E15492380 IT001E15492379 IT001E15492394 IT001E15492449 IT001E15492491 IT001E15492385 IT001E15492445 IT001E15492489 IT001E16557014 IT001E15492381 IT001E15492440 IT001E15492383 IT001E15492429 IT001E15492471 IT001E15492386 IT001E15492425 IT001E16557016 IT001E15492388 IT001E15492433 IT001E15492428 IT001E15492461 IT001E15492378 IT001E15492448 IT001E15492432 IT001E16557013 IT001E15492391 IT001E15492442 IT001E15492387 IT001E15492487 IT001E15492473 IT001E15492474 IT001E14010935 IT001E16557010 IT001E15492488 IT001E15492470 IT001E15492443 IT001E15492710 IT001E15492382 IT001E15492390 IT001E16557017 IT001E15492717 IT001E15492392 IT001E15492393 IT001E15492446 IT001E15492396 IT001E16557018 IT001E15492444 IT001E14173946 IT001E16557015 IT001E16557009 | H17: Via Brescia/Via Novara/Via Melegnano | I17: DRESANO | J17: Coordinate dei POD Clienti | K17: Utenze BT in Via Brescia/Via Novara/Via Melegnano | L17: C | M17: 290 | P17: IT001E12436594 | R17: Misura dell'energia mediante misuratori clienti | S17: E-distribuzione | T17: E-distribuzione | V17: LOM-UT CR-LO -BLUE TEAM LODI
A18: 15 | B18: Duereti | C18: 168174 | D18: A | E18: CHIERICHETTI - V.SARDEGNA | F18: Magnago | G18: Morsetti superiori dei misuratori dei clienti con POD: | H18: Via Novara | I18: BUSTO ARSIZIO | J18: Coordinate dei POD Clienti | K18: Utenze BT in Via Novara | N18: C | O18: 70 | P18: IT001E12499169 | R18: Misura dell'energia mediante misuratori clienti | S18: Duereti | T18: Duereti | V18: LOM-UT VA -BLUE TEAM BUSTO ARSIZIO
A19: 16 | B19: E-distribuzione | C19: 178901 | D19: B | E19: V.BINDA - VIA BINDA, 21 | F19: Castellanza | G19: Morsetti superiori dei misuratori dei clienti con POD: IT001E17517382 IT001E17517381 IT001E17517385 IT001E17517386 IT001E17517391 IT001E16543701 IT001E17517392 IT001E17517379 IT001E17517387 IT001E17517389 IT001E17517388 IT001E17410286 IT001E17517383 IT001E17517390 IT001E17517384 IT001E17517380 IT001E04308421 | H19: Via Castellanza 47-104 | I19: LEGNANO | J19: Coordinate dei POD Clienti | K19: Utenze BT in Via Castellanza 47-104 | L19: C | M19: 100 | P19: IT001E12500082 | R19: Misura dell'energia mediante misuratori clienti | S19: E-distribuzione | T19: E-distribuzione | V19: LOM-UT VA -BLUE TEAM SARONNO
A20: 17 | B20: Duereti | C20: 184096 | D20: E | E20: CU-V.PONCHIELLI - VIA PONCHIELLI 2 | F20: Cernusco sul Naviglio | G20: Morsetti inferiori misuratore di scambio BT | H20: Via Ponchielli | I20: CERNUSCO | J20: 45,541037 - 9,338295 | K20: Utenze BT in Via Don Surzio | N20: C | O20: 30 | P20: IT001E12418482 | R20: Presso CS 184096 | S20: Duereti | T20: Duereti | V20: LOM-UT MB -BLUE TEAM VIMERCATE
A21: 18 | B21: Duereti | C21: 189376 | D21: A | E21: CS-C.TARANTA - C.NA TARANTA | F21: Cassano d'Adda | G21: Morsetti superiori dei misuratori dei clienti con POD: IT001E14283694 IT001E28579747 | H21: Via Venezia, 80 | I21: FARA GERA D'ADDA | J21: 45,525446 - 9,539051 | K21: Utenze BT in Via Venezia | N21: C | O21: 10 | P21: IT001E12499187 | R21: Misura dell'energia mediante misuratori clienti | S21: Duereti | T21: Duereti | V21: LOM-UT BG -BLUE TEAM TREVIGLIO
A22: 19 | B22: E-distribuzione | C22: 197973 | D22: B | E22: V.MILANO - VIA MILANO (OPP.161) | F22: Cologno Monzese | G22: Morsetti superiori dei misuratori dei clienti con POD: IT001E14275675 IT001E17204510 IT001E17680090 IT001E15400431 | H22: Via Santa Rita | I22: VIMODRONE | J22: Coordinate dei POD Clienti | K22: Utenze BT in Via Santa Rita | L22: C | M22: 10 | P22: IT001E12436986 | R22: Misura dell'energia mediante misuratori clienti | S22: E-distribuzione | T22: E-distribuzione | V22: LOM-UT MB -BLUE TEAM MONZA
A23: 20 | B23: Duereti | C23: 222396 | D23: D | E23: POGGIO - V.XXIV MAGGIO, 229 | F23: Legnano | G23: Morsetti inferiori misuratore di scambio BT | H23: Via Dandolo | I23: CASTELLANZA | J23: 45,607469 - 8,903889 | K23: Utenze BT in Via Dandolo | N23: C | O23: 120 | P23: IT001E12179528 | R23: Presso cassonetto stradale vicino al nodo di sezionamento 5.193037 | S23: Duereti | T23: Duereti | V23: LOM-UT VA -BLUE TEAM SARONNO
A24: 21 | B24: E-distribuzione | C24: 227568 | D24: A | E24: MAYER - VIA V GIORNATE, 2045 | F24: Caronno Pertusella | G24: Morsetti superiori interruttore BT di separazione | H24: Viale Cinque Giornate (S.P. 233), 121 | I24: CARONNO PERTUSELLA | J24: 45,581352 - 9,060561 | K24: Utenze BT in Via Pelloritana | L24: C | M24: 40 | P24: IT001E12436995 | R24: Presso interruttore in cassonetto stradale su aiuola distributore Q8 | S24: E-distribuzione | T24: E-distribuzione | V24: LOM-UT VA -BLUE TEAM SARONNO
A25: 22 | B25: E-distribuzione | C25: 234990 | D25: 2 | E25: ST.SERVIZIO - S.S. 412 VALTIDONE | F25: Landriano | G25: Morsetti superiori dei misuratori dei clienti con POD: IT001E15497201 | H25: Via Longora | I25: CARPIANO | J25: Coordinate dei POD Clienti | K25: Utenze BT in Via Longora | L25: C | M25: 50 | P25: IT001E12437002 | R25: Misura dell'energia mediante misuratori clienti | S25: E-distribuzione | T25: E-distribuzione | V25: LOM-UT PV -BLUE TEAM PAVIA
A26: 23 | B26: E-distribuzione | C26: 246815 | D26: A | E26: FE28 BIS - VIA CASSINO D'ALBERI SN | F26: Mulazzano | G26: Morsetti superiori interruttore BT di separazione | H26: Loc. Cimitero | I26: MULAZZANO | J26: 45,398601 - 9,388723 | K26: Utenze BT in Via Villambrera | L26: C | M26: 10 | P26: IT001E12442039 | R26: Nel locale contatori della cs 246815 - FE28 BIS | S26: E-distribuzione | T26: E-distribuzione | V26: LOM-UT CR-LO -BLUE TEAM LODI
A27: 24 | B27: Duereti | C27: 255038 | D27: C | E27: CS-CEPAV 2 - C.NA CESARINA verso Treviglio Via Del Bosco | F27: Cassano d'Adda | G27: Morsetti superiori interruttore BT di separazione | H27: Via Del Bosco | I27: CASSANO D'ADDA | J27: 45,51174 - 9,547859 | K27: Utenze BT in Via Del Bosco / Via Broli | N27: C | O27: 60 | P27: IT001E12397004 | R27: Presso interruttore in cassonetto stradale adiacente a CS 255038 CEPAV2 | S27: Duereti | T27: Duereti | V27: LOM-UT BG -BLUE TEAM TREVIGLIO
A28: 25 | B28: Duereti | C28: 257854 | D28: A | E28: MA-C.GRANDI - VIA A.GRANDI SN | F28: Masate | G28: Morsetti superiori interruttore BT di separazione | H28: SP179 - Discarica | I28: MASATE | J28: 45,568136 - 9,470680 | K28: Utenze BT in Via del Vialone | N28: C | O28: 10 | P28: IT001E12314751 | R28: Presso interruttore in cassonetto su palo | S28: Duereti | T28: Duereti | V28: LOM-UT MB -BLUE TEAM VIMERCATE
A29: 26 | B29: E-distribuzione | C29: 271133 | D29: A | E29: NUOVA CASORATE - VIA DEI PINI 1 | F29: Casorate Primo | G29: Morsetti superiori dei misuratori dei clienti con POD: IT001E14929741 IT001E14022113 IT001E14929739 IT001E18537151 IT001E14929740 IT001E14013610 IT001E15010031 IT001E14022112 | H29: Via Roboni | I29: VERNATE | J29: Coordinate dei POD Clienti | K29: Utenze BT in Via Roboni | L29: C | M29: 50 | P29: IT001E12436608 | R29: Misura dell'energia mediante misuratori clienti | S29: E-distribuzione | T29: E-distribuzione | V29: LOM-UT PV -BLUE TEAM PAVIA
A30: 27 | B30: E-distribuzione | C30: 282081 | D30: 1 | E30: MADONNINA - VIA VERONA 3 | F30: Casalmaiocco | G30: Morsetti superiori dei misuratori dei clienti con POD: IT001E15492284 IT001E04872911 IT001E15492274 IT001E15492272 IT001E15492273 IT001E14258409 IT001E15492357 IT001E15492281 IT001E15492279 IT001E15492275 IT001E15492280 IT001E15492265 IT001E15492270 IT001E15318365 IT001E15492278 IT001E15492277 IT001E15492365 IT001E15492267 IT001E15492282 IT001E15492355 IT001E15492360 IT001E15492264 IT001E15492266 IT001E15492358 IT001E15492285 IT001E15492367 IT001E15492286 IT001E15492263 IT001E15492276 IT001E15492271 IT001E15492283 IT001E15492363 IT001E15492356 IT001E15492359 IT001E15492362 IT001E15492287 IT001E15492366 IT001E15492269 IT001E15492361 IT001E15492268 IT001E15492364 IT001E15492288 IT001E15492292 IT001E15492289 IT001E17266548 IT001E15492290 | H30: Via Verona/Via Mantova | I30: DRESANO | J30: Coordinate dei POD Clienti | K30: Utenze BT in Via Verona/Via Mantova | L30: C | M30: 110 | P30: IT001E12436615 | R30: Misura dell'energia mediante misuratori clienti | S30: E-distribuzione | T30: E-distribuzione | V30: LOM-UT CR-LO -BLUE TEAM LODI
A31: 28 | B31: E-distribuzione | C31: 282081 | D31: 3 | E31: MADONNINA - VIA VERONA 3 | F31: Casalmaiocco | G31: Morsetti superiori dei misuratori dei clienti con POD: IT001E15492242 IT001E15492422 IT001E15492295 IT001E15492304 IT001E16044561 IT001E17651686 IT001E15492300 IT001E15492240 IT001E04649531 IT001E15492296 IT001E15492297 IT001E15492310 IT001E15492302 IT001E15492714 IT001E15492303 IT001E15492351 IT001E15492234 IT001E15492293 IT001E14546139 IT001E15333103 IT001E15316283 IT001E15321288 IT001E15492711 IT001E17651679 IT001E15315614 IT001E17651684 IT001E17712349 IT001E17666312 IT001E17651678 IT001E15492239 IT001E15092344 IT001E14313143 IT001E17651680 IT001E15492241 IT001E15492308 IT001E15492299 IT001E15492305 IT001E15492243 IT001E15492319 IT001E15492313 IT001E15492307 IT001E15492231 IT001E15492337 IT001E15492306 IT001E15492333 IT001E18293061 IT001E15492322 IT001E15492332 IT001E15492235 IT001E15492334 IT001E15011461 IT001E15492316 IT001E14705701 IT001E15492236 IT001E15492338 IT001E15492245 IT001E17651681 IT001E15492311 IT001E15492238 IT001E15492352 IT001E15492294 IT001E15492246 IT001E15492312 IT001E17651687 IT001E15314874 IT001E15492350 IT001E15492233 IT001E15492232 IT001E15492237 IT001E17651685 IT001E15492244 IT001E17651683 IT001E15492321 IT001E18191084 IT001E15492419 IT001E15492326 IT001E15492402 IT001E15492315 IT001E15492424 IT001E15492301 IT001E15492309 IT001E15492314 IT001E15492423 IT001E17651682 IT001E15091907 IT001E15492335 IT001E15492421 IT001E15492252 IT001E15492401 IT001E15492258 IT001E15492262 IT001E14313144 IT001E15576892 IT001E15492248 IT001E15492398 IT001E15492403 IT001E15492347 IT001E15492254 IT001E15492348 IT001E04113696 IT001E15492336 IT001E15492253 IT001E15492399 IT001E15492256 IT001E18113182 IT001E15492325 IT001E15492255 IT001E15492251 IT001E15492372 IT001E15492320 IT001E15492331 IT001E18115194 IT001E15492370 IT001E15492329 IT001E15492354 IT001E15492318 IT001E15492257 IT001E15492259 IT001E15326404 IT001E15492324 IT001E15492261 IT001E15492349 IT001E15492371 IT001E15492400 IT001E15492323 IT001E18113184 IT001E15492340 IT001E15492375 IT001E15492250 IT001E15492341 IT001E15492298 IT001E18185878 IT001E15492373 IT001E14207613 IT001E15492328 IT001E18113183 IT001E15492344 IT001E15492330 IT001E15492374 IT001E15492346 IT001E15492343 IT001E15492339 IT001E15492247 IT001E15492249 IT001E15492260 IT001E15492345 IT001E14510945 IT001E15492342 | H31: Via Mantova/Via Piacenza/Via Genova | I31: DRESANO | J31: Coordinate dei POD Clienti | K31: Utenze BT in Via Mantova/Via Piacenza/Via Genova | L31: C | M31: 300 | P31: IT001E12436626 | R31: Misura dell'energia mediante misuratori clienti | S31: E-distribuzione | T31: E-distribuzione | V31: LOM-UT CR-LO -BLUE TEAM LODI
A32: 29 | B32: E-distribuzione | C32: 284719 | D32: A | E32: VIA MAZZINI - VIA MAZZINI | F32: Sordio | G32: Morsetti superiori dei misuratori dei clienti con POD: IT001E15315607 | H32: Villa Bissone | I32: SAN ZANONE AL LAMBRO | J32: Coordinate dei POD Clienti | K32: Utenze BT in Villa Bissone | L32: C | M32: 10 | P32: IT001E12510681 | R32: Misura dell'energia mediante misuratori clienti | S32: E-distribuzione | T32: E-distribuzione | V32: LOM-UT CR-LO -BLUE TEAM LODI
A33: 30 | B33: E-distribuzione | C33: 300270 | D33: A | E33: ERFROG - VIA ASTI | F33: Cologno Monzese | G33: Morsetti superiori dei misuratori dei clienti con POD: IT001E15393433 IT001E15393431 IT001E15393432 IT001E15393369 IT001E15393429 | H33: Via Metallino | I33: VIMODRONE | J33: Coordinate dei POD Clienti | K33: Utenze BT in Via Metallino | L33: C | M33: 230 | P33: IT001E12424549 | R33: Misura dell'energia mediante misuratori clienti | S33: E-distribuzione | T33: E-distribuzione | V33: LOM-UT MB -BLUE TEAM MONZA
A34: 31 | B34: Duereti | C34: 304154 | D34: B | E34: MASSERECCIO - V.MASSARECCIO | F34: Legnano | G34: Morsetti inferiori misuratore di scambio BT | H34: Via Gerenzano | I34: LEGNANO | J34: 45,619855 - 8,927073 | K34: Utenze BT in Via Gerenzano | N34: C | O34: 10 | P34: IT001E12418882 | R34: Presso interruttore su cassonetto stradale | S34: Duereti | T34: Duereti | V34: LOM-UT VA -BLUE TEAM SARONNO
A35: 32 | B35: E-distribuzione | C35: 340381 | D35: A | E35: CR-V.PO - VIA PO SN | F35: Carugate | G35: Morsetti superiori dei misuratori dei clienti con POD: IT001E14684587 IT001E16014769 IT001E15764130 IT001E15868575 | H35: Via Monza | I35: BUSSERO | J35: Coordinate dei POD Clienti | K35: Utenze BT in Via Monza | L35: C | M35: 10 | P35: IT001E12424422 | R35: Misura dell'energia mediante misuratori clienti | S35: E-distribuzione | T35: E-distribuzione | V35: LOM-UT MB -BLUE TEAM VIMERCATE
A36: 33 | B36: E-distribuzione | C36: 340381 | D36: C | E36: CR-V.PO - VIA PO SN | F36: Carugate | G36: Morsetti superiori dei misuratori dei clienti con POD: IT001E15752524 IT001E14755012 | H36: Via Monza | I36: BUSSERO | J36: Coordinate dei POD Clienti | K36: Utenze BT in Via Monza | L36: C | M36: 10 | P36: IT001E12437008 | R36: Misura dell'energia mediante misuratori clienti | S36: E-distribuzione | T36: E-distribuzione | V36: LOM-UT MB -BLUE TEAM VIMERCATE
A37: 34 | B37: Duereti | C37: 345761 | D37: 3 | E37: VILLABISSONE - VIA EMILIA | F37: San Zenone al Lambro | G37: Morsetti superiori dei misuratori dei clienti con POD: | H37: Via Case Cambié | I37: SORDIO | J37: Coordinate dei POD Clienti | K37: Utenze BT in Via Case Cambié | N37: C | O37: 40 | P37: IT001E12499023 | R37: Misura dell'energia mediante misuratori clienti | S37: Duereti | T37: Duereti | V37: LOM-UT CR-LO -BLUE TEAM LODI
A38: 35 | B38: Duereti | C38: 345761 | D38: 4 | E38: VILLABISSONE - VIA EMILIA | F38: San Zenone al Lambro | G38: Morsetti superiori dei misuratori dei clienti con POD: | H38: Via Emilia | I38: SORDIO | J38: Coordinate dei POD Clienti | K38: Utenze BT in Via Emilia | N38: C | O38: 70 | P38: IT001E12498802 | R38: Misura dell'energia mediante misuratori clienti | S38: Duereti | T38: Duereti | V38: LOM-UT CR-LO -BLUE TEAM LODI
A39: 36 | B39: Duereti | C39: 359818 | D39: B | E39: VIVALDI - V.VIVALDI, 17 | F39: Legnano | G39: Morsetti inferiori misuratore di scambio BT | H39: Via Beethoven | I39: LEGNANO | J39: 45,611917 - 8,922368 | K39: Utenze BT in Via Massereccio | N39: C | O39: 80 | P39: IT001E12418886 | R39: Presso interruttore su cassonetto stradale adiacente nodo BT 6.189920 | S39: Duereti | T39: Duereti | V39: LOM-UT VA -BLUE TEAM SARONNO
A40: 37 | B40: E-distribuzione | C40: 363631 | D40: B | E40: EN.FERRARIO - VIA VERDI, SN - CARONNO P. | F40: Caronno Pertusella | G40: Morsetti superiori interruttore BT di separazione | H40: Via Niccolò Paganini, 143 | I40: CARONNO PERTUSELLA | J40: 45,580859 - 9,053856 | K40: Utenze BT in Via Piemonte / Via Broccana | L40: C | M40: 10 | P40: IT001E12437021 | R40: Presso interruttore in cassonetto stradale adiacente al civ 143 | S40: E-distribuzione | T40: E-distribuzione | V40: LOM-UT VA -BLUE TEAM SARONNO
A41: 38 | B41: Duereti | C41: 384576 | D41: A | E41: BREDA - CASCINA BREDA | F41: Nosate | G41: Morsetti superiori dei misuratori dei clienti con POD: | H41: Via San Siro | I41: LONATE POZZOLO | J41: Coordinate dei POD Clienti | K41: Utenze BT in Via San Siro | N41: C | O41: 40 | P41: IT001E12418905 | R41: Misura dell'energia mediante misuratori clienti | S41: Duereti | T41: Duereti | V41: LOM-UT VA -BLUE TEAM BUSTO ARSIZIO
A42: 39 | B42: E-distribuzione | C42: 386084 | D42: B | E42: F.N.M. - SCAMBIO CONF. MAGNAGO | F42: Busto Arsizio | G42: Morsetti superiori interruttore BT di separazione | H42: Scambio Conf.Magnago | I42: BUSTO ARSIZIO | J42: 45,598702 - 8,811966 | K42: Utenze BT in CALVI | L42: C | M42: 20 | P42: IT001E12437128 | R42: Presso CS 386084 F.N.M. | S42: E-distribuzione | T42: E-distribuzione | V42: LOM-UT VA -BLUE TEAM BUSTO ARSIZIO
A43: 40 | B43: Duereti | C43: 386203 | D43: A | E43: SODIMEC - FR. PONTE | F43: Calvignasco | G43: Morsetti superiori interruttore BT di separazione | H43: Fr. Ponte | I43: CALVIGNASCO | J43: 45,319705 - 9,025266 | K43: Utenze BT in Via Ponnio / Via Emanuele | N43: C | O43: 60 | P43: IT001E12166539 | R43: All'interno della CS 386203 - SODIMEC | S43: Duereti | T43: Duereti | V43: LOM-UT PV -BLUE TEAM PAVIA
A44: 41 | B44: Duereti | C44: 393970 | D44: A | E44: CS-CASE POPOLARI - C.NA CABANA | F44: Cassano d'Adda | G44: Morsetti superiori dei misuratori dei clienti con POD: IT001E28583062 IT001E28478749 IT001E28583063 IT001E28479775 IT001E28479774 | H44: Via Donati 57 e 69 | I44: CASIRATE D'ADDA | J44: Coordinate dei POD Clienti | K44: Utenze BT in Via Donati 57 e 69 | N44: C | O44: 20 | P44: IT001E12499199 | R44: Misura dell'energia mediante misuratori clienti | S44: Duereti | T44: Duereti | V44: LOM-UT BG -BLUE TEAM TREVIGLIO
A45: 42 | B45: E-distribuzione | C45: 404738 | D45: A | E45: V.CARDUCCI - VIA CARDUCCI 14 | F45: Cologno Monzese | G45: Morsetti superiori dei misuratori dei clienti con POD: IT001E00089771 IT001E15400451 | H45: Via Baiacucco | I45: VIMODRONE | J45: Coordinate dei POD Clienti | K45: Utenze BT in Via Baiacucco | L45: C | M45: 10 | P45: IT001E12437035 | R45: Misura dell'energia mediante misuratori clienti | S45: E-distribuzione | T45: E-distribuzione | V45: LOM-UT MB -BLUE TEAM MONZA
A46: 43 | B46: Duereti | C46: 417278 | D46: A | E46: DEP.ACQUE - SS SARONNESE, 80 | F46: Rescaldina | G46: Morsetti inferiori misuratore di scambio BT | H46: SP527 | I46: RESCALDINA | J46: 45,612603 - 8,970171 | K46: Utenze BT in Via IV Novembre | N46: C | O46: 10 | P46: IT001E12418929 | R46: Presso interruttore su cassonetto su basamento contatore cliente SNAM | S46: Duereti | T46: Duereti | V46: LOM-UT VA -BLUE TEAM SARONNO
A47: 44 | B47: Duereti | C47: 426331 | D47: B | E47: MORIVIONE - C.MORIVIONE | F47: Vernate | G47: Morsetti superiori interruttore BT di separazione | H47: C. Morivione | I47: VERNATE | J47: 45,297162 - 9,029562 | K47: Utenze BT in Via SantAgostino | N47: C | O47: 10 | P47: IT001E12166584 | R47: All'interno della CS 426331 - MORIVIONE | S47: Duereti | T47: Duereti | V47: LOM-UT PV -BLUE TEAM PAVIA
A48: 45 | B48: E-distribuzione | C48: 434311 | D48: 4 | E48: LOT.VIT.EMANUELE - VIA VITTORIO EMANUELE CASORATE PRIMO | F48: Casorate Primo | G48: Morsetti superiori dei misuratori dei clienti con POD: IT001E04495679 IT001E14909484 IT001E14816915 | H48: Via Ponte | I48: CALVIGNASCO | J48: Coordinate dei POD Clienti | K48: Utenze BT in Via Ponte | L48: C | M48: 50 | P48: IT001E12437044 | R48: Misura dell'energia mediante misuratori clienti | S48: E-distribuzione | T48: E-distribuzione | V48: LOM-UT PV -BLUE TEAM PAVIA
A49: 46 | B49: E-distribuzione | C49: 435378 | D49: 2 | E49: VIROLO - C.NA VIROLO | F49: Mulazzano | G49: Morsetti superiori interruttore BT di separazione | H49: C.na Virolo | I49: MULAZZANO | J49: 45,379092 - 9,375869 | K49: Utenze BT in Via Belpensiero | L49: C | M49: 20 | P49: IT001E12442036 | R49: Presso interruttore in cassonetto stradale adiacente al palo | S49: E-distribuzione | T49: E-distribuzione | V49: LOM-UT CR-LO -BLUE TEAM LODI
A50: 47 | B50: E-distribuzione | C50: 436656 | D50: D | E50: CR-V.GARIBALDI - VIA BERTARINI SN | F50: Carugate | G50: Morsetti superiori dei misuratori dei clienti con POD: IT001E15421703 IT001E15316651 IT001E15421704 IT001E15421707 IT001E15421708 IT001E15421705 IT001E15316652 IT001E04826634 IT001E15421710 IT001E15327436 | H50: Via Isola Guarnieri | I50: CERNUSCO SUL NAVIGLIO | J50: Coordinate dei POD Clienti | K50: Utenze BT in Via Isola Guarnieri | L50: C | M50: 20 | P50: IT001E12424478 | R50: Misura dell'energia mediante misuratori clienti | S50: E-distribuzione | T50: E-distribuzione | V50: LOM-UT MB -BLUE TEAM VIMERCATE
A51: 48 | B51: Duereti | C51: 468696 | D51: A | E51: GE-RONCHI MARIO - VIA MONZA | F51: Gessate | G51: Morsetti superiori interruttore BT di separazione | H51: Via Monza | I51: GESSATE | J51: 45,557958 - 9,408374 | K51: Utenze BT in Via orombella | N51: C | O51: 30 | P51: IT001E12314762 | R51: Presso interruttore in cassonetto su palo | S51: Duereti | T51: Duereti | V51: LOM-UT MB -BLUE TEAM VIMERCATE
A52: 49 | B52: E-distribuzione | C52: 480096 | D52: B | E52: PEDONE - VIA DANTE PEDONE ZELO | F52: Zelo Buon Persico | G52: Morsetti superiori dei misuratori dei clienti con POD: IT001E15766159 IT001E15766158 IT001E15773008 IT001E15888847 IT001E15888848 IT001E15888845 | H52: Via Pasubio | I52: PAULLO | J52: Coordinate dei POD Clienti | K52: Utenze BT in Via Pasubio | L52: C | M52: 60 | P52: IT001E12504529 | R52: Misura dell'energia mediante misuratori clienti | S52: E-distribuzione | T52: E-distribuzione | V52: LOM-UT CR-LO -BLUE TEAM LODI
A53: 50 | B53: Duereti | C53: 482090 | D53: D | E53: STAMP.DAIRAGO - V.DELLE MONDE, 5 | F53: Dairago | G53: Morsetti superiori dei misuratori dei clienti con POD: | H53: Via Damiano Chiesa | I53: BUSTO ARSIZIO | J53: Coordinate dei POD Clienti | K53: Utenze BT in Via Damiano Chiesa | N53: C | O53: 10 | P53: IT001E12418940 | R53: Misura dell'energia mediante misuratori clienti | S53: Duereti | T53: Duereti | V53: LOM-UT VA -BLUE TEAM BUSTO ARSIZIO
A54: 51 | B54: Duereti | C54: 482090 | D54: E | E54: STAMP.DAIRAGO - V.DELLE MONDE, 5 | F54: Dairago | G54: Morsetti superiori dei misuratori dei clienti con POD: | H54: Via Damiano Chiesa | I54: BUSTO ARSIZIO | J54: Coordinate dei POD Clienti | K54: Utenze BT in Via Damiano Chiesa | N54: C | O54: 10 | P54: IT001E12418944 | R54: Misura dell'energia mediante misuratori clienti | S54: Duereti | T54: Duereti | V54: LOM-UT VA -BLUE TEAM BUSTO ARSIZIO
A55: 52 | B55: Duereti | C55: 482090 | D55: E | E55: STAMP.DAIRAGO - V.DELLE MONDE, 5 | F55: Dairago | G55: Morsetti inferiori misuratore di scambio BT | H55: Via Campo delle Erbe | I55: DAIRAGO | J55: 45,574119 - 8,862558 | K55: Utenze BT in Via Dairago | N55: C | O55: 30 | P55: IT001E12418959 | R55: Presso interruttore su cassonetto stradale adiacente nodo BT 6.310787 | S55: Duereti | T55: Duereti | V55: LOM-UT VA -BLUE TEAM BUSTO ARSIZIO
A56: 53 | B56: E-distribuzione | C56: 494471 | D56: A | E56: S.SIRO - VIA S.S. SIRO | F56: Lonate Pozzolo | G56: Morsetti superiori dei misuratori dei clienti con POD: IT001E17554177 IT001E17554181 | H56: Centro Ippico | I56: NOSATE | J56: Coordinate dei POD Clienti | K56: Utenze BT in Centro Ippico | L56: C | M56: 50 | P56: IT001E12437066 | R56: Misura dell'energia mediante misuratori clienti | S56: E-distribuzione | T56: E-distribuzione | V56: LOM-UT VA -BLUE TEAM BUSTO ARSIZIO
A57: 54 | B57: E-distribuzione | C57: 498412 | D57: C | E57: GHEZZI - VIA VENEZIA | F57: Fara Gera d'Adda | G57: Morsetti superiori dei misuratori dei clienti con POD: IT001E18748709 IT001E15863105 IT001E04561445 IT001E15863107 IT001E15863106 | H57: Via Treviglio | I57: CASSANDO D'ADDA | J57: Coordinate dei POD Clienti | K57: Utenze BT in Via Treviglio | L57: C | M57: 50 | P57: IT001E12437077 | R57: Misura dell'energia mediante misuratori clienti | S57: E-distribuzione | T57: E-distribuzione | V57: LOM-UT BG -BLUE TEAM TREVIGLIO
A58: 55 | B58: E-distribuzione | C58: 510384 | D58: A | E58: V.G.ROSSA 1 - VIA G.ROSSA 1 | F58: Cologno Monzese | G58: Morsetti superiori dei misuratori dei clienti con POD: IT001E16450323 IT001E15394864 IT001E15395007 IT001E15395005 IT001E15394951 IT001E15394950 IT001E16450322 IT001E16450327 IT001E15395006 IT001E16450324 IT001E15395000 IT001E15394865 IT001E16450315 IT001E16450316 IT001E16450321 IT001E15155222 IT001E16450320 IT001E15395008 IT001E16450319 IT001E15395004 IT001E16450309 IT001E16450318 IT001E16450314 IT001E15395001 IT001E16450312 IT001E17839053 IT001E15394953 IT001E15394987 IT001E16450325 IT001E15394943 IT001E15394867 IT001E16429814 IT001E15394994 IT001E15394949 IT001E16450310 IT001E16450328 IT001E15394992 IT001E15394999 IT001E16450306 IT001E15395010 IT001E15540320 IT001E15395011 IT001E15395002 IT001E16450326 IT001E15394995 IT001E15394941 IT001E16450317 IT001E15395009 IT001E15394952 IT001E15394954 IT001E16450311 IT001E15394996 IT001E15395003 IT001E15394862 IT001E15394942 IT001E04642987 IT001E15394968 IT001E16450339 IT001E16450332 IT001E15394866 IT001E15394966 IT001E15394997 IT001E15395015 IT001E15394989 IT001E16450329 IT001E15394990 IT001E16431346 IT001E15394947 IT001E15394861 IT001E16479580 IT001E16450330 IT001E15395018 IT001E16450335 IT001E16450334 IT001E16450331 IT001E15395016 IT001E15394991 IT001E16450340 IT001E15394988 IT001E16450337 IT001E16450341 IT001E16450336 IT001E15394863 IT001E15395017 IT001E16450342 IT001E15394967 | H58: Via Ariosto/Via Giusti/Via Carducci | I58: VIMODRONE | J58: Coordinate dei POD Clienti | K58: Utenze BT in Via Ariosto/Via Giusti/Via Carducci | L58: C | M58: 190 | P58: IT001E12424559 | R58: Misura dell'energia mediante misuratori clienti | S58: E-distribuzione | T58: E-distribuzione | V58: LOM-UT MB -BLUE TEAM MONZA
A59: 56 | B59: E-distribuzione | C59: 510384 | D59: B | E59: V.G.ROSSA 1 - VIA G.ROSSA 1 | F59: Cologno Monzese | G59: Morsetti superiori dei misuratori dei clienti con POD: IT001E15394928 IT001E15394927 IT001E15394908 IT001E15394887 IT001E15394903 IT001E15394920 IT001E15394935 IT001E15394926 IT001E15394915 IT001E15394929 IT001E15394884 IT001E15394893 IT001E15394937 IT001E15394891 IT001E15394885 IT001E15394886 IT001E15394914 IT001E15394938 IT001E15394924 IT001E15394934 IT001E15394919 IT001E15394889 IT001E15394939 IT001E15394925 IT001E15394909 IT001E15394899 IT001E15394911 IT001E15394890 IT001E15394905 IT001E15394940 IT001E15394936 IT001E15394892 IT001E15394896 IT001E15394930 IT001E15394883 IT001E15394895 IT001E15394901 IT001E15394931 IT001E15394898 IT001E15394912 IT001E15394922 IT001E15394932 IT001E15394916 IT001E15394902 IT001E15394900 IT001E15394913 IT001E15394907 IT001E15394918 IT001E15394894 IT001E15394923 IT001E15394910 IT001E15394906 IT001E15394888 IT001E15394933 IT001E15394921 IT001E15394904 IT001E10517323 | H59: Via Ariosto | I59: VIMODRONE | J59: Coordinate dei POD Clienti | K59: Utenze BT in Via Ariosto | L59: C | M59: 120 | P59: IT001E12424575 | R59: Misura dell'energia mediante misuratori clienti | S59: E-distribuzione | T59: E-distribuzione | V59: LOM-UT MB -BLUE TEAM MONZA
A60: 57 | B60: Duereti | C60: 515028 | D60: B | E60: TORRETTA - V.TORRETTA, 6 | F60: Arese | G60: Morsetti superiori interruttore BT di separazione | H60: Via Gramsci 113 | I60: ARESE | J60: 45,551852 - 9,090043 | K60: Utenze BT in Via Trento | N60: C | O60: 130 | P60: IT001E12314794 | R60: Presso interruttore in cassonetto stradale | S60: Duereti | T60: Duereti | V60: LOM-UT MB -BLUE TEAM SESTO SAN GIOVANNI
A61: 58 | B61: E-distribuzione | C61: 519988 | D61: A | E61: CU-TORRIANA - CASC.VILLORESI | F61: Cernusco sul Naviglio | G61: Morsetti superiori interruttore BT di separazione | H61: Via Cascina Torriana | I61: BRUGHERIO | J61: 45,539957 - 9,325419 | K61: Utenze BT in CSN. TORRIANA | L61: C | M61: 30 | P61: IT001E12461906 | R61: Presso CS 519988 CU-TORRIANA | S61: E-distribuzione | T61: E-distribuzione | V61: LOM-UT MB -BLUE TEAM MONZA
A62: 59 | B62: Duereti | C62: 525543 | D62: A | E62: CS-C.LEGA - VIA X CASIRATE C.NA LEGA | F62: Cassano d'Adda | G62: Morsetti superiori interruttore BT di separazione | H62: Csn. Ronchi | I62: CASSANO D'ADDA / CASIRATE D'ADDA | J62: 45,507941 - 9,520426 | K62: Utenze BT in Via Ronchi | N62: C | O62: 20 | P62: IT001E12396966 | R62: Presso interruttore in cassonetto stradale | S62: Duereti | T62: Duereti | V62: LOM-UT BG -BLUE TEAM TREVIGLIO
A63: 60 | B63: Duereti | C63: 473997 | D63: C | E63: MIFER - V.MONTE ROSA | F63: Vanzaghello | G63: Morsetti superiori dei misuratori dei clienti con POD: | H63: Via Gran Paradiso | I63: LONATE POZZOLO | J63: Coordinate dei POD Clienti | K63: Utenze BT in Via Gran Paradiso | N63: C | O63: 10 | P63: IT001E12442376 | R63: Misura dell'energia mediante misuratori clienti | S63: Duereti | T63: Duereti | V63: LOM-UT VA -BLUE TEAM BUSTO ARSIZIO
A64: 61 | B64: E-distribuzione | C64: 556057 | D64: E | E64: MEC.DEL NORD - VIA PONCHIELLI, 227 - CARONNO P. | F64: Caronno Pertusella | G64: Morsetti superiori dei misuratori dei clienti con POD: IT001E17592169 IT001E17592170 IT001E17592172 IT001E17592173 | H64: Via Barianello | I64: GARBAGNATE MILANESE | J64: Coordinate dei POD Clienti | K64: Utenze BT in Via Barianello | L64: C | M64: 20 | P64: IT001E12437086 | R64: Misura dell'energia mediante misuratori clienti | S64: E-distribuzione | T64: E-distribuzione | V64: LOM-UT VA -BLUE TEAM SARONNO
A65: 62 | B65: E-distribuzione | C65: 559976 | D65: A | E65: CE-V.ALFA - VIA BISCIA (accesso V.FONTANA - GARBAGNATE) | F65: Cesate | G65: Morsetti superiori dei misuratori dei clienti con POD: IT001E17582637 IT001E15051880 IT001E15051888 IT001E15051872 IT001E17582630 IT001E17582629 IT001E18710232 IT001E15051870 IT001E18128177 IT001E15051884 IT001E15051886 IT001E17582634 IT001E15051873 IT001E15142151 IT001E17582633 IT001E17582636 IT001E15051891 IT001E17582635 IT001E15228417 IT001E15228420 IT001E17582646 IT001E17582648 IT001E15249271 IT001E15233477 IT001E17582647 IT001E15051878 IT001E15233479 IT001E15283601 IT001E17582649 IT001E17582643 IT001E17582645 IT001E15144753 IT001E17582641 IT001E15233476 IT001E15228429 IT001E17582642 IT001E15144752 IT001E17582644 IT001E15233481 IT001E15144745 IT001E17582628 IT001E15228422 IT001E15228415 IT001E15282260 IT001E15233484 IT001E17582639 IT001E15228424 IT001E15233473 IT001E15144750 IT001E15144742 IT001E17582640 IT001E15228423 IT001E15228425 IT001E15233474 IT001E15233478 IT001E17582627 | H65: Via Biscia | I65: GARBAGNATE MILANESE | J65: Coordinate dei POD Clienti | K65: Utenze BT in Via Biscia | L65: C | M65: 120 | P65: IT001E12436636 | R65: Misura dell'energia mediante misuratori clienti | S65: E-distribuzione | T65: E-distribuzione | V65: LOM-UT MB -BLUE TEAM SEVESO
A66: 63 | B66: E-distribuzione | C66: 559976 | D66: E | E66: CE-V.ALFA - VIA BISCIA (accesso V.FONTANA - GARBAGNATE) | F66: Cesate | G66: Morsetti superiori dei misuratori dei clienti con POD: IT001E14133589 IT001E14742794 IT001E14739392 IT001E17582624 IT001E17415582 IT001E17582625 IT001E17582626 IT001E18552014 | H66: Via Biscia | I66: GARBAGNATE MILANESE | J66: Coordinate dei POD Clienti | K66: Utenze BT in Via Biscia | L66: C | M66: 60 | P66: IT001E12437097 | R66: Misura dell'energia mediante misuratori clienti | S66: E-distribuzione | T66: E-distribuzione | V66: LOM-UT MB -BLUE TEAM SEVESO
A67: 64 | B67: E-distribuzione | C67: 564997 | D67: B | E67: CE-S.NTENSIV - VIA PER SENAGO | F67: Cesate | G67: Morsetti superiori dei misuratori dei clienti con POD: IT001E17582970 IT001E17441021 IT001E14052658 IT001E17416404 IT001E14519730 IT001E17401029 IT001E17582971 IT001E17582978 IT001E17582975 IT001E15284586 IT001E17468134 IT001E14201451 IT001E18577234 IT001E10601440 IT001E17582972 IT001E17582974 IT001E17582977 IT001E17582976 | H67: Via Senago | I67: GARBAGNATE MILANESE | J67: Coordinate dei POD Clienti | K67: Utenze BT in Via Senago | L67: C | M67: 30 | P67: IT001E12436644 | R67: Misura dell'energia mediante misuratori clienti | S67: E-distribuzione | T67: E-distribuzione | V67: LOM-UT MB -BLUE TEAM SEVESO
A68: 65 | B68: E-distribuzione | C68: 565363 | D68: A | E68: SIFAVITOR - EX S.P. S.ANGELO | F68: Casaletto Lodigiano | G68: Morsetti superiori dei misuratori dei clienti con POD: IT001E18506504 IT001E15495018 IT001E15495017 IT001E15495019 IT001E15495020 IT001E15495016 IT001E14120665 IT001E15284445 | H68: Via Gazzera | I68: CERRO AL LAMBRO | J68: Coordinate dei POD Clienti | K68: Utenze BT in Via Gazzera | L68: C | M68: 50 | P68: IT001E12436684 | R68: Misura dell'energia mediante misuratori clienti | S68: E-distribuzione | T68: E-distribuzione | V68: LOM-UT CR-LO -BLUE TEAM LODI
A69: 66 | B69: E-distribuzione | C69: 570474 | D69: B | E69: GOMMISTA - SS11 C/O GOMMISTA | F69: Fara Gera d'Adda | G69: Morsetti superiori dei misuratori dei clienti con POD: IT001E15863013 IT001E15863012 IT001E15756578 IT001E15863009 IT001E14623572 IT001E15863010 IT001E15863011 IT001E04561444 IT001E14040528 IT001E17263036 IT001E15753790 IT001E17290512 IT001E14792339 IT001E18341088 IT001E16347853 IT001E17919102 | H69: Via Costanza | I69: CASSANO D'ADDA | J69: Coordinate dei POD Clienti | K69: Utenze BT in Via Costanza | L69: C | M69: 30 | P69: IT001E12424438 | R69: Misura dell'energia mediante misuratori clienti | S69: E-distribuzione | T69: E-distribuzione | V69: LOM-UT BG -BLUE TEAM TREVIGLIO
A70: 67 | B70: E-distribuzione | C70: 581236 | D70: C | E70: C.GIUSSANA - C.NA GIUSSANA ZELO | F70: Zelo Buon Persico | G70: Morsetti superiori interruttore BT di separazione | H70: Via Cascina Giussana | I70: ZELO BUON PERSICO | J70: 45,407247 - 9,414475 | K70: Utenze BT in Via Gere | L70: C | M70: 130 | P70: IT001E12441984 | R70: Presso interruttore in cassonetto stradale ai piedi del nodo BT 6.210281 | S70: E-distribuzione | T70: E-distribuzione | V70: LOM-UT CR-LO -BLUE TEAM LODI
A71: 68 | B71: E-distribuzione | C71: 581236 | D71: D | E71: C.GIUSSANA - C.NA GIUSSANA ZELO | F71: Zelo Buon Persico | G71: Morsetti superiori interruttore BT di separazione | H71: Via Cascina Giussana | I71: ZELO BUON PERSICO | J71: 45,405326 - 9,412438 | K71: Utenze BT in Via Sant Antonio | L71: C | M71: 10 | P71: IT001E12442002 | R71: Presso interruttore in cassonetto su palo sul nodo BT 6.033317 | S71: E-distribuzione | T71: E-distribuzione | V71: LOM-UT CR-LO -BLUE TEAM LODI
A72: 69 | B72: E-distribuzione | C72: 583695 | D72: B | E72: CB-CNA OROMBELLA - VIA OROMBELLA | F72: Cambiago | G72: Morsetti superiori dei misuratori dei clienti con POD: IT001E15850993 IT001E15760495 IT001E15057649 IT001E15850989 IT001E15769350 IT001E15850994 IT001E15071545 IT001E15850990 IT001E16148632 | H72: Via Malpensata | I72: GESSATE | J72: Coordinate dei POD Clienti | K72: Utenze BT in Via Malpensata | L72: C | M72: 40 | P72: IT001E12500262 | R72: Misura dell'energia mediante misuratori clienti | S72: E-distribuzione | T72: E-distribuzione | V72: LOM-UT MB -BLUE TEAM VIMERCATE
A73: 70 | B73: E-distribuzione | C73: 585127 | D73: C | E73: V.CARDUCCI - VIA CARDUCCI (OPP.16) | F73: Cologno Monzese | G73: Morsetti superiori dei misuratori dei clienti con POD: IT001E15188277 IT001E15427638 IT001E04794002 IT001E15427637 IT001E15433382 IT001E15326111 IT001E14656354 IT001E15427643 IT001E18501903 IT001E15433379 IT001E15326150 IT001E16517845 IT001E15427636 IT001E16268678 IT001E15427639 IT001E15433395 IT001E15433373 IT001E15433381 IT001E15427641 IT001E04362608 IT001E15176433 IT001E15427634 IT001E15326145 IT001E16653618 IT001E15433394 IT001E15433383 IT001E15433390 IT001E15433386 IT001E15433393 IT001E16251742 IT001E15433384 IT001E15433392 IT001E15433389 IT001E04642929 IT001E15433387 IT001E16251743 IT001E15433391 IT001E15433375 IT001E16251741 IT001E15433388 IT001E15091679 IT001E16278200 IT001E16251744 IT001E15433380 IT001E15433385 IT001E15315693 | H73: Via Olmo | I73: CERNUSCO SUL NAVIGLIO | J73: Coordinate dei POD Clienti | K73: Utenze BT in Via Olmo | L73: C | M73: 270 | P73: IT001E12424510 | R73: Misura dell'energia mediante misuratori clienti | S73: E-distribuzione | T73: E-distribuzione | V73: LOM-UT MB -BLUE TEAM MONZA
A74: 71 | B74: E-distribuzione | C74: 605843 | D74: B | E74: V.MILANO - VIA MILANO 141 | F74: Cologno Monzese | G74: Morsetti superiori dei misuratori dei clienti con POD: IT001E11103025 IT001E15400435 IT001E15400438 IT001E15323448 IT001E15400440 IT001E15400437 IT001E15456309 IT001E15315691 IT001E15400439 IT001E15400443 IT001E15400445 IT001E15400446 IT001E15400436 IT001E15400441 | H74: Via Metallino | I74: VIMODRONE | J74: Coordinate dei POD Clienti | K74: Utenze BT in Via Metallino | L74: C | M74: 70 | P74: IT001E12424590 | R74: Misura dell'energia mediante misuratori clienti | S74: E-distribuzione | T74: E-distribuzione | V74: LOM-UT MB -BLUE TEAM MONZA
A75: 72 | B75: E-distribuzione | C75: 607284 | D75: A | E75: STILVER - VIA CRESPI | F75: Fara Gera d'Adda | G75: Morsetti superiori dei misuratori dei clienti con POD: IT001E15863021 IT001E15863033 IT001E15863018 IT001E15863017 IT001E15863022 IT001E15863020 IT001E15863027 IT001E15863024 IT001E18688760 IT001E15863031 IT001E15863023 IT001E00089190 IT001E15863019 IT001E15764923 IT001E15863030 IT001E15863016 IT001E15311411 IT001E15863034 IT001E15863025 | H75: Via Molino/Canale Retorto | I75: CASSANO D'ADDA | J75: Coordinate dei POD Clienti | K75: Utenze BT in Via Molino/Canale Retorto | L75: C | M75: 40 | P75: IT001E12424456 | R75: Misura dell'energia mediante misuratori clienti | S75: E-distribuzione | T75: E-distribuzione | V75: LOM-UT BG -BLUE TEAM TREVIGLIO
A76: 73 | B76: E-distribuzione | C76: 611285 | D76: A | E76: SCESSA - CASCINA SCESSA | F76: Bollate | G76: Morsetti superiori dei misuratori dei clienti con POD: IT001E17599264 IT001E17597013 IT001E17597016 IT001E04724688 IT001E17597015 IT001E17597014 IT001E17599265 IT001E17599263 IT001E17599266 IT001E17597011 IT001E17597017 IT001E17599261 IT001E17599262 IT001E17597012 | H76: Via Monviso | I76: ARESE | J76: Coordinate dei POD Clienti | K76: Utenze BT in Via Monviso | L76: C | M76: 50 | P76: IT001E12436700 | R76: Misura dell'energia mediante misuratori clienti | S76: E-distribuzione | T76: E-distribuzione | V76: LOM-UT MB -BLUE TEAM SESTO SAN GIOVANNI
A77: 74 | B77: Duereti | C77: 611788 | D77: A | E77: GHISALBA - CNA GHISALBA | F77: Casarile | G77: Morsetti superiori dei misuratori dei clienti con POD: IT001E19477114 IT001E19477111 IT001E19476880 IT001E19386734 | H77: Via Crocione - Loc. Csn. Ghisalba | I77: GIUSSAGO | J77: 45,310616 - 9,119493 | K77: Utenze BT in Via Crocione / Via Ghisalba | N77: C | O77: 50 | P77: IT001E12166621 | R77: Misura dell'energia mediante misuratori clienti | S77: Duereti | T77: Duereti | V77: LOM-UT PV -BLUE TEAM PAVIA
A78: 75 | B78: E-distribuzione | C78: 634644 | D78: A | E78: CB-RONCHI - VIA CATTANEO | F78: Cambiago | G78: Morsetti superiori dei misuratori dei clienti con POD: IT001E17392206 IT001E16462541 IT001E17818461 | H78: Via Bragosa | I78: PESSANO | J78: Coordinate dei POD Clienti | K78: Utenze BT in Via Bragosa | L78: C | M78: 20 | P78: IT001E12437113 | R78: Misura dell'energia mediante misuratori clienti | S78: E-distribuzione | T78: E-distribuzione | V78: LOM-UT MB -BLUE TEAM VIMERCATE
A79: 76 | B79: E-distribuzione | C79: 659781 | D79: A | E79: C.NA CASTIONA - CASCINA CASTIONA | F79: Comazzo | G79: Morsetti superiori interruttore BT di separazione | H79: Via della Grotta | I79: COMAZZO | J79: 45,460815 - 9,454710 | K79: Utenze BT in Via Chiara / Via Claudina / Via Bosco Paola | L79: C | M79: 60 | P79: IT001E12461918 | R79: Presso interruttore nel cassonetto ai piedi di ptp 659781 (discesa-risalita) | S79: E-distribuzione | T79: E-distribuzione | V79: LOM-UT CR-LO -BLUE TEAM LODI
A80: 77 | B80: E-distribuzione | C80: 659781 | D80: A | E80: C.NA CASTIONA - CASCINA CASTIONA | F80: Comazzo | G80: Morsetti superiori interruttore BT di separazione | H80: Via C.na Bosco Pola | I80: COMAZZO | J80: 45,467060 - 9,455935 | K80: Utenze BT in Via Serenita | L80: C | M80: 10 | P80: IT001E12442017 | R80: Presso interruttore nel cassonetto ai piedi di palo bt (discesa-risalita) | S80: E-distribuzione | T80: E-distribuzione | V80: LOM-UT CR-LO -BLUE TEAM LODI
A81: 78 | B81: E-distribuzione | C81: 205306 | D81: A | E81: BT-CASTELLA - VIA PREVOSTA | F81: Bollate | G81: Morsetti inferiori misuratore di scambio BT | H81: Via Cascina Prevosta | I81: BOLLATE | J81: 45,564963 - 9,100630 | K81: Utenze BT in V. MADONNA FAMETTA | L81: C | M81: 20 | P81: IT001E12478909 | R81: Presso CS 205306 | S81: E-distribuzione | T81: E-distribuzione | V81: LOM-UT MB -BLUE TEAM SESTO SAN GIOVANNI
A82: 79 | B82: E-distribuzione | C82: 368578 | D82: C | E82: PERNIGOTTO - VIA SARONNESE | F82: Castellanza | G82: Morsetti superiori interruttore BT di separazione | H82: Via Saronnese | I82: CASTELLANZA | J82: 45,607906 - 8,915957 | K82: Utenze BT in V. BRENNERO | L82: C | M82: 180 | P82: IT001E12499156 | R82: Presso interruttore su cassonetto sulla CS 368578 | S82: E-distribuzione | T82: E-distribuzione | V82: LOM-UT VA -BLUE TEAM SARONNO
A83: 80 | B83: E-distribuzione | C83: 470424 | D83: C | E83: TIC FIL - VIA TRENTO TRIESTE, 292 | F83: Caronno Pertusella | G83: Morsetti superiori dei misuratori dei clienti con POD: IT001E11534908 | H83: Via San Giuseppe | I83: GARBAGNATE MILANESE | J83: Coordinate dei POD Clienti | K83: Utenze BT in Via San Giuseppe | L83: C | M83: 20 | P83: IT001E12499159 | R83: Misura dell'energia mediante misuratori clienti | S83: E-distribuzione | T83: E-distribuzione | V83: LOM-UT VA -BLUE TEAM SARONNO
A84: 81 | B84: Duereti | C84: 333010 | D84: B | E84: MA-V.MILANO - VIA MILANO SN | F84: Masate | G84: Morsetti superiori dei misuratori dei clienti con POD: IT001E17657649 | H84: Via Milano | I84: BASIANO | J84: Coordinate dei POD Clienti | K84: Utenze BT in Via Milano | N84: C | O84: 10 | P84: IT001E12500087 | R84: Misura dell'energia mediante misuratori clienti | S84: Duereti | T84: Duereti | V84: LOM-UT MB -BLUE TEAM VIMERCATE
A85: 82 | B85: Duereti | C85: 267881 | D85: VA | E85: TIMA - CORSO EUROPA | F85: Vanzaghello | G85: Morsetti superiori dei misuratori dei clienti con POD: IT001E04640774 IT001E04640775 IT001E04187216 | H85: Via Gallarate | I85: LONATE POZZOLO | J85: Coordinate dei POD Clienti | K85: Utenze BT in Via Gallarate | N85: C | O85: 130 | P85: IT001E12499171 | R85: Misura dell'energia mediante misuratori clienti | S85: Duereti | T85: Duereti | V85: LOM-UT VA -BLUE TEAM BUSTO ARSIZIO
A86: 83 | B86: E-distribuzione | C86: 652656 | D86: B | E86: SOC.AGR.LOM. - VIA D.DONATI-LAT. PER C.NA CORTESI | F86: Casirate d'Adda | G86: Morsetti superiori interruttore BT di separazione | H86: Vpr. Don Donati | I86: CASIRATE D'ADDA | J86: 45,504974 - 9,541058 | K86: Utenze BT in Via Privata Don Donati | L86: C | M86: 10 | P86: IT001E12500285 | R86: Presso cassonetto sul muro della CS 652656 | S86: E-distribuzione | T86: E-distribuzione | V86: LOM-UT BG -BLUE TEAM TREVIGLIO
A87: 84 | B87: Duereti | C87: 651003 | D87: A | E87: ASTOM - V.MANIN, 7 | F87: Magnago | G87: Morsetti superiori dei misuratori dei clienti con POD: IT001E10589454 IT001E10815540 IT001E10946725 | H87: Via Manin | I87: BUSTO ARSIZIO | J87: Coordinate dei POD Clienti | K87: Utenze BT in Via Manin | N87: C | O87: 40 | P87: IT001E12510462 | R87: Misura dell'energia mediante misuratori clienti | S87: Duereti | T87: Duereti | V87: LOM-UT VA -BLUE TEAM BUSTO ARSIZIO
A88: 85 | B88: E-distribuzione | C88: 558012 | D88: B | E88: CU-SNAM - VIA DEI MILLE | F88: Brugherio | G88: Morsetti superiori interruttore BT di separazione | H88: SP208/Via Dei Mille | I88: BRUGHERIO | J88: 45,547696 - 9,322723 | K88: Utenze BT in STR. PROVINCIALE 113 | L88: C | M88: 10 | P88: IT001E12504541 | R88: Presso interruttore in cassonetto su palo | S88: E-distribuzione | T88: E-distribuzione | V88: LOM-UT MB -BLUE TEAM MONZA
